time,seconds_elapsed,type,isConnected,isInternetReachable,isWifiEnabled,isConnectionExpensive,ssid,bssid,strength,ipAddress,frequency,cellularGeneration,carrier
1712855398748000000,2.003,wifi,true,true,,false,Aptzly,ba:5e:71:47:61:27,,10.0.0.59,,,
1712855400752000000,4.007,wifi,true,true,,false,Aptzly,ba:5e:71:47:61:27,,10.0.0.59,,,
1712855402757000000,6.012,wifi,true,true,,false,Aptzly,ba:5e:71:47:61:27,,10.0.0.59,,,
1712855404761000000,8.016,wifi,true,true,,false,Aptzly,ba:5e:71:47:61:27,,10.0.0.59,,,
1712855406762000000,10.016999755859375,wifi,true,true,,false,Aptzly,ba:5e:71:47:61:27,,10.0.0.59,,,
1712855408767000000,12.022,wifi,true,true,,false,Aptzly,ba:5e:71:47:61:27,,10.0.0.59,,,
1712855410768000000,14.023,wifi,true,true,,false,Aptzly,ba:5e:71:47:61:27,,10.0.0.59,,,
1712855412770000000,16.024999755859376,wifi,true,true,,false,Aptzly,ba:5e:71:47:61:27,,10.0.0.59,,,
1712855414775000000,18.03,wifi,true,true,,false,Aptzly,ba:5e:71:47:61:27,,10.0.0.59,,,
1712855416779000000,20.034,wifi,true,true,,false,Aptzly,ba:5e:71:47:61:27,,10.0.0.59,,,
1712855418783000000,22.038,wifi,true,true,,false,Aptzly,ba:5e:71:47:61:27,,10.0.0.59,,,
1712855420784000000,24.039,wifi,true,true,,false,Aptzly,ba:5e:71:47:61:27,,10.0.0.59,,,
1712855422785000000,26.04,wifi,true,true,,false,Aptzly,ba:5e:71:47:61:27,,10.0.0.59,,,
1712855424790000000,28.045000244140624,wifi,true,true,,false,Aptzly,ba:5e:71:47:61:27,,10.0.0.59,,,
1712855426791000000,30.046,wifi,true,true,,false,Aptzly,ba:5e:71:47:61:27,,10.0.0.59,,,
1712855428792000000,32.047,wifi,true,true,,false,Aptzly,ba:5e:71:47:61:27,,10.0.0.59,,,
1712855430795000000,34.05,wifi,true,true,,false,Aptzly,ba:5e:71:47:61:27,,10.0.0.59,,,
1712855432799000000,36.054,wifi,true,true,,false,Aptzly,ba:5e:71:47:61:27,,10.0.0.59,,,
1712855434801000000,38.056,wifi,true,true,,false,Aptzly,ba:5e:71:47:61:27,,10.0.0.59,,,
1712855436805000000,40.06,wifi,true,true,,false,Aptzly,ba:5e:71:47:61:27,,10.0.0.59,,,
1712855438806000000,42.06100024414062,wifi,true,true,,false,Aptzly,ba:5e:71:47:61:27,,10.0.0.59,,,
1712855440808000000,44.063,wifi,true,true,,false,Aptzly,ba:5e:71:47:61:27,,10.0.0.59,,,
1712855442812000000,46.067,wifi,true,true,,false,Aptzly,ba:5e:71:47:61:27,,10.0.0.59,,,
1712855444817000000,48.072,wifi,true,true,,false,Aptzly,ba:5e:71:47:61:27,,10.0.0.59,,,
1712855446821000000,50.076,wifi,true,true,,false,Aptzly,ba:5e:71:47:61:27,,10.0.0.59,,,
1712855448824000000,52.079,wifi,true,true,,false,Aptzly,ba:5e:71:47:61:27,,10.0.0.59,,,
1712855450828000000,54.083,wifi,true,true,,false,Aptzly,ba:5e:71:47:61:27,,10.0.0.59,,,
1712855452832000000,56.087,wifi,true,true,,false,Aptzly,ba:5e:71:47:61:27,,10.0.0.59,,,
1712855454836000000,58.091,wifi,true,true,,false,Aptzly,ba:5e:71:47:61:27,,10.0.0.59,,,
1712855456838000000,60.093000244140626,wifi,true,true,,false,Aptzly,ba:5e:71:47:61:27,,10.0.0.59,,,
1712855458841000000,62.096,wifi,true,true,,false,Aptzly,ba:5e:71:47:61:27,,10.0.0.59,,,
1712855460846000000,64.10100024414062,wifi,true,true,,false,Aptzly,ba:5e:71:47:61:27,,10.0.0.59,,,
1712855462850000000,66.10499975585938,wifi,true,true,,false,Aptzly,ba:5e:71:47:61:27,,10.0.0.59,,,
1712855464854000000,68.10900024414063,wifi,true,true,,false,Aptzly,ba:5e:71:47:61:27,,10.0.0.59,,,
1712855466858000000,70.11299975585938,wifi,true,true,,false,Aptzly,ba:5e:71:47:61:27,,10.0.0.59,,,
1712855468864000000,72.119,wifi,true,true,,false,Aptzly,ba:5e:71:47:61:27,,10.0.0.59,,,
1712855470868000000,74.123,wifi,true,true,,false,Aptzly,ba:5e:71:47:61:27,,10.0.0.59,,,
1712855472868000000,76.123,wifi,true,true,,false,Aptzly,ba:5e:71:47:61:27,,10.0.0.59,,,
1712855474872000000,78.127,wifi,true,true,,false,Aptzly,ba:5e:71:47:61:27,,10.0.0.59,,,
1712855476874000000,80.12899975585937,wifi,true,true,,false,Aptzly,ba:5e:71:47:61:27,,10.0.0.59,,,
1712855478875000000,82.13,wifi,true,true,,false,Aptzly,ba:5e:71:47:61:27,,10.0.0.59,,,
1712855480877000000,84.132,wifi,true,true,,false,Aptzly,ba:5e:71:47:61:27,,10.0.0.59,,,
1712855482879000000,86.134,wifi,true,true,,false,Aptzly,ba:5e:71:47:61:27,,10.0.0.59,,,
1712855484883000000,88.138,wifi,true,true,,false,Aptzly,ba:5e:71:47:61:27,,10.0.0.59,,,
1712855486887000000,90.142,wifi,true,true,,false,Aptzly,ba:5e:71:47:61:27,,10.0.0.59,,,
1712855488891000000,92.146,wifi,true,true,,false,Aptzly,ba:5e:71:47:61:27,,10.0.0.59,,,
1712855490896000000,94.151,wifi,true,true,,false,Aptzly,ba:5e:71:47:61:27,,10.0.0.59,,,
1712855492901000000,96.156,wifi,true,true,,false,Aptzly,ba:5e:71:47:61:27,,10.0.0.59,,,
1712855494902000000,98.15700024414062,wifi,true,true,,false,Aptzly,ba:5e:71:47:61:27,,10.0.0.59,,,
1712855496905000000,100.16,wifi,true,true,,false,Aptzly,ba:5e:71:47:61:27,,10.0.0.59,,,
1712855498908000000,102.163,wifi,true,true,,false,Aptzly,ba:5e:71:47:61:27,,10.0.0.59,,,
1712855500910000000,104.16500024414063,wifi,true,true,,false,Aptzly,ba:5e:71:47:61:27,,10.0.0.59,,,
1712855502909000000,106.164,wifi,true,true,,false,Aptzly,ba:5e:71:47:61:27,,10.0.0.59,,,
1712855504913000000,108.168,wifi,true,true,,false,Aptzly,ba:5e:71:47:61:27,,10.0.0.59,,,
1712855506915000000,110.17,wifi,true,true,,false,Aptzly,ba:5e:71:47:61:27,,10.0.0.59,,,
1712855508915000000,112.17,wifi,true,true,,false,Aptzly,ba:5e:71:47:61:27,,10.0.0.59,,,
1712855510919000000,114.174,wifi,true,true,,false,Aptzly,ba:5e:71:47:61:27,,10.0.0.59,,,
1712855512921000000,116.176,wifi,true,true,,false,Aptzly,ba:5e:71:47:61:27,,10.0.0.59,,,
1712855514924000000,118.179,wifi,true,true,,false,Aptzly,ba:5e:71:47:61:27,,10.0.0.59,,,
1712855516927000000,120.182,wifi,true,true,,false,Aptzly,ba:5e:71:47:61:27,,10.0.0.59,,,
1712855518931000000,122.186,wifi,true,true,,false,Aptzly,ba:5e:71:47:61:27,,10.0.0.59,,,
1712855520931000000,124.186,wifi,true,true,,false,Aptzly,ba:5e:71:47:61:27,,10.0.0.59,,,
1712855522932000000,126.187,wifi,true,true,,false,Aptzly,ba:5e:71:47:61:27,,10.0.0.59,,,
1712855524935000000,128.19,wifi,true,true,,false,Aptzly,ba:5e:71:47:61:27,,10.0.0.59,,,
1712855526935000000,130.19,wifi,true,true,,false,Aptzly,ba:5e:71:47:61:27,,10.0.0.59,,,
1712855528937000000,132.192,wifi,true,true,,false,Aptzly,ba:5e:71:47:61:27,,10.0.0.59,,,
1712855530937000000,134.192,wifi,true,true,,false,Aptzly,ba:5e:71:47:61:27,,10.0.0.59,,,
1712855532942000000,136.1970002441406,wifi,true,true,,false,Aptzly,ba:5e:71:47:61:27,,10.0.0.59,,,
1712855534947000000,138.202,wifi,true,true,,false,Aptzly,ba:5e:71:47:61:27,,10.0.0.59,,,
1712855536951000000,140.206,wifi,true,true,,false,Aptzly,ba:5e:71:47:61:27,,10.0.0.59,,,
1712855538955000000,142.21,wifi,true,true,,false,Aptzly,ba:5e:71:47:61:27,,10.0.0.59,,,
1712855540960000000,144.215,wifi,true,true,,false,Aptzly,ba:5e:71:47:61:27,,10.0.0.59,,,
1712855542965000000,146.22,wifi,true,true,,false,Aptzly,ba:5e:71:47:61:27,,10.0.0.59,,,
1712855544970000000,148.2249997558594,wifi,true,true,,false,Aptzly,ba:5e:71:47:61:27,,10.0.0.59,,,
1712855546973000000,150.228,wifi,true,true,,false,Aptzly,ba:5e:71:47:61:27,,10.0.0.59,,,
1712855548974000000,152.22900024414062,wifi,true,true,,false,Aptzly,ba:5e:71:47:61:27,,10.0.0.59,,,
1712855550974000000,154.22900024414062,wifi,true,true,,false,Aptzly,ba:5e:71:47:61:27,,10.0.0.59,,,
1712855552979000000,156.234,wifi,true,true,,false,Aptzly,ba:5e:71:47:61:27,,10.0.0.59,,,
1712855554983000000,158.238,wifi,true,true,,false,Aptzly,ba:5e:71:47:61:27,,10.0.0.59,,,
1712855556988000000,160.243,wifi,true,true,,false,Aptzly,ba:5e:71:47:61:27,,10.0.0.59,,,
1712855558991000000,162.246,wifi,true,true,,false,Aptzly,ba:5e:71:47:61:27,,10.0.0.59,,,
1712855560994000000,164.2489997558594,wifi,true,true,,false,Aptzly,ba:5e:71:47:61:27,,10.0.0.59,,,
1712855562996000000,166.251,wifi,true,true,,false,Aptzly,ba:5e:71:47:61:27,,10.0.0.59,,,
1712855565001000000,168.256,wifi,true,true,,false,Aptzly,ba:5e:71:47:61:27,,10.0.0.59,,,
1712855567006000000,170.26100024414063,wifi,true,true,,false,Aptzly,ba:5e:71:47:61:27,,10.0.0.59,,,
1712855569012000000,172.267,wifi,true,true,,false,Aptzly,ba:5e:71:47:61:27,,10.0.0.59,,,
1712855571013000000,174.268,wifi,true,true,,false,Aptzly,ba:5e:71:47:61:27,,10.0.0.59,,,
1712855573014000000,176.2690002441406,wifi,true,true,,false,Aptzly,ba:5e:71:47:61:27,,10.0.0.59,,,
1712855575017000000,178.272,wifi,true,true,,false,Aptzly,ba:5e:71:47:61:27,,10.0.0.59,,,
1712855577019000000,180.274,wifi,true,true,,false,Aptzly,ba:5e:71:47:61:27,,10.0.0.59,,,
1712855579022000000,182.27700024414062,wifi,true,true,,false,Aptzly,ba:5e:71:47:61:27,,10.0.0.59,,,
1712855581023000000,184.278,wifi,true,true,,false,Aptzly,ba:5e:71:47:61:27,,10.0.0.59,,,
1712855583027000000,186.282,wifi,true,true,,false,Aptzly,ba:5e:71:47:61:27,,10.0.0.59,,,
1712855585031000000,188.286,wifi,true,true,,false,Aptzly,ba:5e:71:47:61:27,,10.0.0.59,,,
1712855587036000000,190.291,wifi,true,true,,false,Aptzly,ba:5e:71:47:61:27,,10.0.0.59,,,
1712855589039000000,192.294,wifi,true,true,,false,Aptzly,ba:5e:71:47:61:27,,10.0.0.59,,,
1712855591042000000,194.2969997558594,wifi,true,true,,false,Aptzly,ba:5e:71:47:61:27,,10.0.0.59,,,
1712855593047000000,196.302,wifi,true,true,,false,Aptzly,ba:5e:71:47:61:27,,10.0.0.59,,,
1712855595051000000,198.306,wifi,true,true,,false,Aptzly,ba:5e:71:47:61:27,,10.0.0.59,,,
1712855597055000000,200.31,wifi,true,true,,false,Aptzly,ba:5e:71:47:61:27,,10.0.0.59,,,
1712855599057000000,202.312,wifi,true,true,,false,Aptzly,ba:5e:71:47:61:27,,10.0.0.59,,,
1712855601061000000,204.316,wifi,true,true,,false,Aptzly,ba:5e:71:47:61:27,,10.0.0.59,,,
1712855603064000000,206.319,wifi,true,true,,false,Aptzly,ba:5e:71:47:61:27,,10.0.0.59,,,
1712855605069000000,208.324,wifi,true,true,,false,Aptzly,ba:5e:71:47:61:27,,10.0.0.59,,,
1712855607074000000,210.32899975585937,wifi,true,true,,false,Aptzly,ba:5e:71:47:61:27,,10.0.0.59,,,
1712855609079000000,212.334,wifi,true,true,,false,Aptzly,ba:5e:71:47:61:27,,10.0.0.59,,,
1712855611084000000,214.339,wifi,true,true,,false,Aptzly,ba:5e:71:47:61:27,,10.0.0.59,,,
1712855613088000000,216.343,wifi,true,true,,false,Aptzly,ba:5e:71:47:61:27,,10.0.0.59,,,
1712855615093000000,218.348,wifi,true,true,,false,Aptzly,ba:5e:71:47:61:27,,10.0.0.59,,,
1712855617098000000,220.35299975585937,wifi,true,true,,false,Aptzly,ba:5e:71:47:61:27,,10.0.0.59,,,
1712855619103000000,222.358,wifi,true,true,,false,Aptzly,ba:5e:71:47:61:27,,10.0.0.59,,,
1712855621108000000,224.363,wifi,true,true,,false,Aptzly,ba:5e:71:47:61:27,,10.0.0.59,,,
1712855623110000000,226.36500024414062,wifi,true,true,,false,Aptzly,ba:5e:71:47:61:27,,10.0.0.59,,,
1712855625111000000,228.366,wifi,true,true,,false,Aptzly,ba:5e:71:47:61:27,,10.0.0.59,,,
1712855627113000000,230.368,wifi,true,true,,false,Aptzly,ba:5e:71:47:61:27,,10.0.0.59,,,
1712855629118000000,232.37300024414063,wifi,true,true,,false,Aptzly,ba:5e:71:47:61:27,,10.0.0.59,,,
1712855631123000000,234.378,wifi,true,true,,false,Aptzly,ba:5e:71:47:61:27,,10.0.0.59,,,
1712855633128000000,236.383,wifi,true,true,,false,Aptzly,ba:5e:71:47:61:27,,10.0.0.59,,,
1712855635129000000,238.384,wifi,true,true,,false,Aptzly,ba:5e:71:47:61:27,,10.0.0.59,,,
1712855637132000000,240.387,wifi,true,true,,false,Aptzly,ba:5e:71:47:61:27,,10.0.0.59,,,
1712855639137000000,242.392,wifi,true,true,,false,Aptzly,ba:5e:71:47:61:27,,10.0.0.59,,,
1712855641139000000,244.394,wifi,true,true,,false,Aptzly,ba:5e:71:47:61:27,,10.0.0.59,,,
1712855643144000000,246.399,wifi,true,true,,false,Aptzly,ba:5e:71:47:61:27,,10.0.0.59,,,
1712855645149000000,248.404,wifi,true,true,,false,Aptzly,ba:5e:71:47:61:27,,10.0.0.59,,,
1712855647151000000,250.406,wifi,true,true,,false,Aptzly,ba:5e:71:47:61:27,,10.0.0.59,,,
1712855649156000000,252.411,wifi,true,true,,false,Aptzly,ba:5e:71:47:61:27,,10.0.0.59,,,
1712855651160000000,254.415,wifi,true,true,,false,Aptzly,ba:5e:71:47:61:27,,10.0.0.59,,,
1712855653164000000,256.419,wifi,true,true,,false,Aptzly,ba:5e:71:47:61:27,,10.0.0.59,,,
1712855655169000000,258.424,wifi,true,true,,false,Aptzly,ba:5e:71:47:61:27,,10.0.0.59,,,
1712855657174000000,260.42900024414064,wifi,true,true,,false,Aptzly,ba:5e:71:47:61:27,,10.0.0.59,,,
1712855659179000000,262.434,wifi,true,true,,false,Aptzly,ba:5e:71:47:61:27,,10.0.0.59,,,
1712855661184000000,264.439,wifi,true,true,,false,Aptzly,ba:5e:71:47:61:27,,10.0.0.59,,,
1712855663187000000,266.442,wifi,true,true,,false,Aptzly,ba:5e:71:47:61:27,,10.0.0.59,,,
1712855665192000000,268.447,wifi,true,true,,false,Aptzly,ba:5e:71:47:61:27,,10.0.0.59,,,
1712855667194000000,270.44899975585935,wifi,true,true,,false,Aptzly,ba:5e:71:47:61:27,,10.0.0.59,,,
1712855669199000000,272.454,wifi,true,true,,false,Aptzly,ba:5e:71:47:61:27,,10.0.0.59,,,
1712855671204000000,274.459,wifi,true,true,,false,Aptzly,ba:5e:71:47:61:27,,10.0.0.59,,,
1712855673206000000,276.4610002441406,wifi,true,true,,false,Aptzly,ba:5e:71:47:61:27,,10.0.0.59,,,
1712855675206000000,278.4610002441406,wifi,true,true,,false,Aptzly,ba:5e:71:47:61:27,,10.0.0.59,,,
1712855677210000000,280.46499975585937,wifi,true,true,,false,Aptzly,ba:5e:71:47:61:27,,10.0.0.59,,,
1712855679216000000,282.471,wifi,true,true,,false,Aptzly,ba:5e:71:47:61:27,,10.0.0.59,,,
1712855681218000000,284.47299975585935,wifi,true,true,,false,Aptzly,ba:5e:71:47:61:27,,10.0.0.59,,,
1712855683223000000,286.478,wifi,true,true,,false,Aptzly,ba:5e:71:47:61:27,,10.0.0.59,,,
1712855685223000000,288.478,wifi,true,true,,false,Aptzly,ba:5e:71:47:61:27,,10.0.0.59,,,
1712855687229000000,290.484,wifi,true,true,,false,Aptzly,ba:5e:71:47:61:27,,10.0.0.59,,,
1712855689230000000,292.4850002441406,wifi,true,true,,false,Aptzly,ba:5e:71:47:61:27,,10.0.0.59,,,
1712855691230000000,294.4850002441406,wifi,true,true,,false,Aptzly,ba:5e:71:47:61:27,,10.0.0.59,,,
1712855693235000000,296.49,wifi,true,true,,false,Aptzly,ba:5e:71:47:61:27,,10.0.0.59,,,
1712855695238000000,298.4930002441406,wifi,true,true,,false,Aptzly,ba:5e:71:47:61:27,,10.0.0.59,,,
1712855697243000000,300.498,wifi,true,true,,false,Aptzly,ba:5e:71:47:61:27,,10.0.0.59,,,
1712855699244000000,302.499,wifi,true,true,,false,Aptzly,ba:5e:71:47:61:27,,10.0.0.59,,,
1712855701248000000,304.503,wifi,true,true,,false,Aptzly,ba:5e:71:47:61:27,,10.0.0.59,,,
1712855703250000000,306.5049997558594,wifi,true,true,,false,Aptzly,ba:5e:71:47:61:27,,10.0.0.59,,,
1712855705255000000,308.51,wifi,true,true,,false,Aptzly,ba:5e:71:47:61:27,,10.0.0.59,,,
1712855707256000000,310.511,wifi,true,true,,false,Aptzly,ba:5e:71:47:61:27,,10.0.0.59,,,
1712855709261000000,312.516,wifi,true,true,,false,Aptzly,ba:5e:71:47:61:27,,10.0.0.59,,,
1712855711265000000,314.52,wifi,true,true,,false,Aptzly,ba:5e:71:47:61:27,,10.0.0.59,,,
1712855713270000000,316.52500024414064,wifi,true,true,,false,Aptzly,ba:5e:71:47:61:27,,10.0.0.59,,,
1712855715271000000,318.526,wifi,true,true,,false,Aptzly,ba:5e:71:47:61:27,,10.0.0.59,,,
1712855717273000000,320.528,wifi,true,true,,false,Aptzly,ba:5e:71:47:61:27,,10.0.0.59,,,
1712855719276000000,322.531,wifi,true,true,,false,Aptzly,ba:5e:71:47:61:27,,10.0.0.59,,,
1712855721277000000,324.532,wifi,true,true,,false,Aptzly,ba:5e:71:47:61:27,,10.0.0.59,,,
1712855723280000000,326.535,wifi,true,true,,false,Aptzly,ba:5e:71:47:61:27,,10.0.0.59,,,
1712855725281000000,328.536,wifi,true,true,,false,Aptzly,ba:5e:71:47:61:27,,10.0.0.59,,,
1712855727285000000,330.54,wifi,true,true,,false,Aptzly,ba:5e:71:47:61:27,,10.0.0.59,,,
1712855729283000000,332.538,wifi,true,true,,false,Aptzly,ba:5e:71:47:61:27,,10.0.0.59,,,
1712855731286000000,334.5410002441406,wifi,true,true,,false,Aptzly,ba:5e:71:47:61:27,,10.0.0.59,,,
1712855733291000000,336.546,wifi,true,true,,false,Aptzly,ba:5e:71:47:61:27,,10.0.0.59,,,
1712855735297000000,338.552,wifi,true,true,,false,Aptzly,ba:5e:71:47:61:27,,10.0.0.59,,,
1712855737299000000,340.554,wifi,true,true,,false,Aptzly,ba:5e:71:47:61:27,,10.0.0.59,,,
1712855739304000000,342.559,wifi,true,true,,false,Aptzly,ba:5e:71:47:61:27,,10.0.0.59,,,
1712855741308000000,344.563,wifi,true,true,,false,Aptzly,ba:5e:71:47:61:27,,10.0.0.59,,,
1712855743313000000,346.568,wifi,true,true,,false,Aptzly,ba:5e:71:47:61:27,,10.0.0.59,,,
1712855745318000000,348.57300024414064,wifi,true,true,,false,Aptzly,ba:5e:71:47:61:27,,10.0.0.59,,,
1712855747320000000,350.575,wifi,true,true,,false,Aptzly,ba:5e:71:47:61:27,,10.0.0.59,,,
1712855749325000000,352.58,wifi,true,true,,false,Aptzly,ba:5e:71:47:61:27,,10.0.0.59,,,
1712855751329000000,354.584,wifi,true,true,,false,Aptzly,ba:5e:71:47:61:27,,10.0.0.59,,,
1712855753330000000,356.58499975585937,wifi,true,true,,false,Aptzly,ba:5e:71:47:61:27,,10.0.0.59,,,
1712855755335000000,358.59,wifi,true,true,,false,Aptzly,ba:5e:71:47:61:27,,10.0.0.59,,,
1712855757339000000,360.594,wifi,true,true,,false,Aptzly,ba:5e:71:47:61:27,,10.0.0.59,,,
1712855759342000000,362.59700024414065,wifi,true,true,,false,Aptzly,ba:5e:71:47:61:27,,10.0.0.59,,,
1712855761342000000,364.59700024414065,wifi,true,true,,false,Aptzly,ba:5e:71:47:61:27,,10.0.0.59,,,
1712855763344000000,366.599,wifi,true,true,,false,Aptzly,ba:5e:71:47:61:27,,10.0.0.59,,,
1712855765347000000,368.602,wifi,true,true,,false,Aptzly,ba:5e:71:47:61:27,,10.0.0.59,,,
1712855767348000000,370.603,wifi,true,true,,false,Aptzly,ba:5e:71:47:61:27,,10.0.0.59,,,
1712855769350000000,372.6050002441406,wifi,true,true,,false,Aptzly,ba:5e:71:47:61:27,,10.0.0.59,,,
1712855771356000000,374.611,wifi,true,true,,false,Aptzly,ba:5e:71:47:61:27,,10.0.0.59,,,
1712855773356000000,376.611,wifi,true,true,,false,Aptzly,ba:5e:71:47:61:27,,10.0.0.59,,,
1712855775358000000,378.6130002441406,wifi,true,true,,false,Aptzly,ba:5e:71:47:61:27,,10.0.0.59,,,
1712855777359000000,380.614,wifi,true,true,,false,Aptzly,ba:5e:71:47:61:27,,10.0.0.59,,,
1712855779360000000,382.615,wifi,true,true,,false,Aptzly,ba:5e:71:47:61:27,,10.0.0.59,,,
1712855781365000000,384.62,wifi,true,true,,false,Aptzly,ba:5e:71:47:61:27,,10.0.0.59,,,
1712855783370000000,386.6249997558594,wifi,true,true,,false,Aptzly,ba:5e:71:47:61:27,,10.0.0.59,,,
1712855785374000000,388.6290002441406,wifi,true,true,,false,Aptzly,ba:5e:71:47:61:27,,10.0.0.59,,,
1712855787376000000,390.631,wifi,true,true,,false,Aptzly,ba:5e:71:47:61:27,,10.0.0.59,,,
1712855789381000000,392.636,wifi,true,true,,false,Aptzly,ba:5e:71:47:61:27,,10.0.0.59,,,
1712855791383000000,394.638,wifi,true,true,,false,Aptzly,ba:5e:71:47:61:27,,10.0.0.59,,,
1712855793389000000,396.644,wifi,true,true,,false,Aptzly,ba:5e:71:47:61:27,,10.0.0.59,,,
1712855795391000000,398.646,wifi,true,true,,false,Aptzly,ba:5e:71:47:61:27,,10.0.0.59,,,
1712855797392000000,400.647,wifi,true,true,,false,Aptzly,ba:5e:71:47:61:27,,10.0.0.59,,,
1712855799393000000,402.648,wifi,true,true,,false,Aptzly,ba:5e:71:47:61:27,,10.0.0.59,,,
1712855801394000000,404.6489997558594,wifi,true,true,,false,Aptzly,ba:5e:71:47:61:27,,10.0.0.59,,,
1712855803397000000,406.652,wifi,true,true,,false,Aptzly,ba:5e:71:47:61:27,,10.0.0.59,,,
1712855805402000000,408.6569997558594,wifi,true,true,,false,Aptzly,ba:5e:71:47:61:27,,10.0.0.59,,,
1712855807408000000,410.663,wifi,true,true,,false,Aptzly,ba:5e:71:47:61:27,,10.0.0.59,,,
1712855809413000000,412.668,wifi,true,true,,false,Aptzly,ba:5e:71:47:61:27,,10.0.0.59,,,
1712855811418000000,414.6729997558594,wifi,true,true,,false,Aptzly,ba:5e:71:47:61:27,,10.0.0.59,,,
1712855813423000000,416.678,wifi,true,true,,false,Aptzly,ba:5e:71:47:61:27,,10.0.0.59,,,
1712855815428000000,418.683,wifi,true,true,,false,Aptzly,ba:5e:71:47:61:27,,10.0.0.59,,,
1712855817430000000,420.6850002441406,wifi,true,true,,false,Aptzly,ba:5e:71:47:61:27,,10.0.0.59,,,
1712855819435000000,422.69,wifi,true,true,,false,Aptzly,ba:5e:71:47:61:27,,10.0.0.59,,,
1712855821440000000,424.695,wifi,true,true,,false,Aptzly,ba:5e:71:47:61:27,,10.0.0.59,,,
1712855823440000000,426.695,wifi,true,true,,false,Aptzly,ba:5e:71:47:61:27,,10.0.0.59,,,
1712855825443000000,428.698,wifi,true,true,,false,Aptzly,ba:5e:71:47:61:27,,10.0.0.59,,,
1712855827446000000,430.70100024414063,wifi,true,true,,false,Aptzly,ba:5e:71:47:61:27,,10.0.0.59,,,
1712855829452000000,432.707,wifi,true,true,,false,Aptzly,ba:5e:71:47:61:27,,10.0.0.59,,,
1712855831456000000,434.711,wifi,true,true,,false,Aptzly,ba:5e:71:47:61:27,,10.0.0.59,,,
1712855833457000000,436.712,wifi,true,true,,false,Aptzly,ba:5e:71:47:61:27,,10.0.0.59,,,
1712855835462000000,438.71700024414065,wifi,true,true,,false,Aptzly,ba:5e:71:47:61:27,,10.0.0.59,,,
1712855837464000000,440.719,wifi,true,true,,false,Aptzly,ba:5e:71:47:61:27,,10.0.0.59,,,
1712855839465000000,442.72,wifi,true,true,,false,Aptzly,ba:5e:71:47:61:27,,10.0.0.59,,,
1712855841467000000,444.722,wifi,true,true,,false,Aptzly,ba:5e:71:47:61:27,,10.0.0.59,,,
1712855843472000000,446.727,wifi,true,true,,false,Aptzly,ba:5e:71:47:61:27,,10.0.0.59,,,
1712855845476000000,448.731,wifi,true,true,,false,Aptzly,ba:5e:71:47:61:27,,10.0.0.59,,,
1712855847480000000,450.735,wifi,true,true,,false,Aptzly,ba:5e:71:47:61:27,,10.0.0.59,,,
1712855849485000000,452.74,wifi,true,true,,false,Aptzly,ba:5e:71:47:61:27,,10.0.0.59,,,
1712855851488000000,454.743,wifi,true,true,,false,Aptzly,ba:5e:71:47:61:27,,10.0.0.59,,,
1712855853492000000,456.747,wifi,true,true,,false,Aptzly,ba:5e:71:47:61:27,,10.0.0.59,,,
1712855855496000000,458.751,wifi,true,true,,false,Aptzly,ba:5e:71:47:61:27,,10.0.0.59,,,
1712855857499000000,460.754,wifi,true,true,,false,Aptzly,ba:5e:71:47:61:27,,10.0.0.59,,,
1712855859501000000,462.756,wifi,true,true,,false,Aptzly,ba:5e:71:47:61:27,,10.0.0.59,,,
1712855861506000000,464.76099975585936,wifi,true,true,,false,Aptzly,ba:5e:71:47:61:27,,10.0.0.59,,,
1712855863510000000,466.76500024414065,wifi,true,true,,false,Aptzly,ba:5e:71:47:61:27,,10.0.0.59,,,
1712855865516000000,468.771,wifi,true,true,,false,Aptzly,ba:5e:71:47:61:27,,10.0.0.59,,,
1712855867517000000,470.772,wifi,true,true,,false,Aptzly,ba:5e:71:47:61:27,,10.0.0.59,,,
1712855869522000000,472.7769997558594,wifi,true,true,,false,Aptzly,ba:5e:71:47:61:27,,10.0.0.59,,,
1712855871527000000,474.782,wifi,true,true,,false,Aptzly,ba:5e:71:47:61:27,,10.0.0.59,,,
1712855873528000000,476.783,wifi,true,true,,false,Aptzly,ba:5e:71:47:61:27,,10.0.0.59,,,
1712855875528000000,478.783,wifi,true,true,,false,Aptzly,ba:5e:71:47:61:27,,10.0.0.59,,,
1712855877533000000,480.788,wifi,true,true,,false,Aptzly,ba:5e:71:47:61:27,,10.0.0.59,,,
1712855879538000000,482.7929997558594,wifi,true,true,,false,Aptzly,ba:5e:71:47:61:27,,10.0.0.59,,,
1712855881543000000,484.798,wifi,true,true,,false,Aptzly,ba:5e:71:47:61:27,,10.0.0.59,,,
1712855883544000000,486.799,wifi,true,true,,false,Aptzly,ba:5e:71:47:61:27,,10.0.0.59,,,
1712855885549000000,488.804,wifi,true,true,,false,Aptzly,ba:5e:71:47:61:27,,10.0.0.59,,,
1712855887549000000,490.804,wifi,true,true,,false,Aptzly,ba:5e:71:47:61:27,,10.0.0.59,,,
1712855889554000000,492.80899975585936,wifi,true,true,,false,Aptzly,ba:5e:71:47:61:27,,10.0.0.59,,,
1712855891558000000,494.81300024414065,wifi,true,true,,false,Aptzly,ba:5e:71:47:61:27,,10.0.0.59,,,
1712855893561000000,496.816,wifi,true,true,,false,Aptzly,ba:5e:71:47:61:27,,10.0.0.59,,,
1712855895562000000,498.8169997558594,wifi,true,true,,false,Aptzly,ba:5e:71:47:61:27,,10.0.0.59,,,
1712855897567000000,500.822,wifi,true,true,,false,Aptzly,ba:5e:71:47:61:27,,10.0.0.59,,,
1712855899571000000,502.826,wifi,true,true,,false,Aptzly,ba:5e:71:47:61:27,,10.0.0.59,,,
1712855901572000000,504.827,wifi,true,true,,false,Aptzly,ba:5e:71:47:61:27,,10.0.0.59,,,
1712855903576000000,506.831,wifi,true,true,,false,Aptzly,ba:5e:71:47:61:27,,10.0.0.59,,,
1712855905581000000,508.836,wifi,true,true,,false,Aptzly,ba:5e:71:47:61:27,,10.0.0.59,,,
1712855907586000000,510.8409997558594,wifi,true,true,,false,Aptzly,ba:5e:71:47:61:27,,10.0.0.59,,,
1712855909591000000,512.846,wifi,true,true,,false,Aptzly,ba:5e:71:47:61:27,,10.0.0.59,,,
1712855911594000000,514.8489997558594,wifi,true,true,,false,Aptzly,ba:5e:71:47:61:27,,10.0.0.59,,,
1712855913600000000,516.855,wifi,true,true,,false,Aptzly,ba:5e:71:47:61:27,,10.0.0.59,,,
1712855915600000000,518.855,wifi,true,true,,false,Aptzly,ba:5e:71:47:61:27,,10.0.0.59,,,
1712855917602000000,520.8569997558594,wifi,true,true,,false,Aptzly,ba:5e:71:47:61:27,,10.0.0.59,,,
1712855919607000000,522.862,wifi,true,true,,false,Aptzly,ba:5e:71:47:61:27,,10.0.0.59,,,
1712855921608000000,524.863,wifi,true,true,,false,Aptzly,ba:5e:71:47:61:27,,10.0.0.59,,,
1712855923612000000,526.867,wifi,true,true,,false,Aptzly,ba:5e:71:47:61:27,,10.0.0.59,,,
1712855925615000000,528.87,wifi,true,true,,false,Aptzly,ba:5e:71:47:61:27,,10.0.0.59,,,
1712855927620000000,530.875,wifi,true,true,,false,Aptzly,ba:5e:71:47:61:27,,10.0.0.59,,,
1712855929626000000,532.8809997558594,wifi,true,true,,false,Aptzly,ba:5e:71:47:61:27,,10.0.0.59,,,
1712855931631000000,534.886,wifi,true,true,,false,Aptzly,ba:5e:71:47:61:27,,10.0.0.59,,,
1712855933636000000,536.891,wifi,true,true,,false,Aptzly,ba:5e:71:47:61:27,,10.0.0.59,,,
1712855935641000000,538.896,wifi,true,true,,false,Aptzly,ba:5e:71:47:61:27,,10.0.0.59,,,
1712855937646000000,540.9010002441406,wifi,true,true,,false,Aptzly,ba:5e:71:47:61:27,,10.0.0.59,,,
1712855939647000000,542.902,wifi,true,true,,false,Aptzly,ba:5e:71:47:61:27,,10.0.0.59,,,
1712855941648000000,544.903,wifi,true,true,,false,Aptzly,ba:5e:71:47:61:27,,10.0.0.59,,,
1712855943651000000,546.906,wifi,true,true,,false,Aptzly,ba:5e:71:47:61:27,,10.0.0.59,,,
1712855945651000000,548.906,wifi,true,true,,false,Aptzly,ba:5e:71:47:61:27,,10.0.0.59,,,
1712855947656000000,550.911,wifi,true,true,,false,Aptzly,ba:5e:71:47:61:27,,10.0.0.59,,,
1712855949657000000,552.912,wifi,true,true,,false,Aptzly,ba:5e:71:47:61:27,,10.0.0.59,,,
1712855951659000000,554.914,wifi,true,true,,false,Aptzly,ba:5e:71:47:61:27,,10.0.0.59,,,
1712855953663000000,556.918,wifi,true,true,,false,Aptzly,ba:5e:71:47:61:27,,10.0.0.59,,,
1712855955668000000,558.923,wifi,true,true,,false,Aptzly,ba:5e:71:47:61:27,,10.0.0.59,,,
1712855957669000000,560.924,wifi,true,true,,false,Aptzly,ba:5e:71:47:61:27,,10.0.0.59,,,
1712855959669000000,562.924,wifi,true,true,,false,Aptzly,ba:5e:71:47:61:27,,10.0.0.59,,,
1712855961673000000,564.928,wifi,true,true,,false,Aptzly,ba:5e:71:47:61:27,,10.0.0.59,,,
1712855963673000000,566.928,wifi,true,true,,false,Aptzly,ba:5e:71:47:61:27,,10.0.0.59,,,
1712855965677000000,568.932,wifi,true,true,,false,Aptzly,ba:5e:71:47:61:27,,10.0.0.59,,,
1712855967680000000,570.935,wifi,true,true,,false,Aptzly,ba:5e:71:47:61:27,,10.0.0.59,,,
1712855969685000000,572.94,wifi,true,true,,false,Aptzly,ba:5e:71:47:61:27,,10.0.0.59,,,
1712855971686000000,574.9410002441406,wifi,true,true,,false,Aptzly,ba:5e:71:47:61:27,,10.0.0.59,,,
1712855973690000000,576.9449997558594,wifi,true,true,,false,Aptzly,ba:5e:71:47:61:27,,10.0.0.59,,,
1712855975695000000,578.95,wifi,true,true,,false,Aptzly,ba:5e:71:47:61:27,,10.0.0.59,,,
1712855977697000000,580.952,wifi,true,true,,false,Aptzly,ba:5e:71:47:61:27,,10.0.0.59,,,
1712855979699000000,582.954,wifi,true,true,,false,Aptzly,ba:5e:71:47:61:27,,10.0.0.59,,,
1712855981702000000,584.9570002441407,wifi,true,true,,false,Aptzly,ba:5e:71:47:61:27,,10.0.0.59,,,
1712855983704000000,586.959,wifi,true,true,,false,Aptzly,ba:5e:71:47:61:27,,10.0.0.59,,,
1712855985709000000,588.964,wifi,true,true,,false,Aptzly,ba:5e:71:47:61:27,,10.0.0.59,,,
1712855987713000000,590.968,wifi,true,true,,false,Aptzly,ba:5e:71:47:61:27,,10.0.0.59,,,
1712855989714000000,592.9689997558594,wifi,true,true,,false,Aptzly,ba:5e:71:47:61:27,,10.0.0.59,,,
1712855991716000000,594.971,wifi,true,true,,false,Aptzly,ba:5e:71:47:61:27,,10.0.0.59,,,
1712855993719000000,596.974,wifi,true,true,,false,Aptzly,ba:5e:71:47:61:27,,10.0.0.59,,,
1712855995724000000,598.979,wifi,true,true,,false,Aptzly,ba:5e:71:47:61:27,,10.0.0.59,,,
1712855997729000000,600.984,wifi,true,true,,false,Aptzly,ba:5e:71:47:61:27,,10.0.0.59,,,
1712855999731000000,602.986,wifi,true,true,,false,Aptzly,ba:5e:71:47:61:27,,10.0.0.59,,,
1712856001735000000,604.99,wifi,true,true,,false,Aptzly,ba:5e:71:47:61:27,,10.0.0.59,,,
1712856003740000000,606.995,wifi,true,true,,false,Aptzly,ba:5e:71:47:61:27,,10.0.0.59,,,
1712856005745000000,609,wifi,true,true,,false,Aptzly,ba:5e:71:47:61:27,,10.0.0.59,,,
1712856007747000000,611.002,wifi,true,true,,false,Aptzly,ba:5e:71:47:61:27,,10.0.0.59,,,
1712856009751000000,613.006,wifi,true,true,,false,Aptzly,ba:5e:71:47:61:27,,10.0.0.59,,,
1712856011752000000,615.007,wifi,true,true,,false,Aptzly,ba:5e:71:47:61:27,,10.0.0.59,,,
1712856013756000000,617.011,wifi,true,true,,false,Aptzly,ba:5e:71:47:61:27,,10.0.0.59,,,
1712856015757000000,619.012,wifi,true,true,,false,Aptzly,ba:5e:71:47:61:27,,10.0.0.59,,,
1712856017762000000,621.0169997558594,wifi,true,true,,false,Aptzly,ba:5e:71:47:61:27,,10.0.0.59,,,
1712856019765000000,623.02,wifi,true,true,,false,Aptzly,ba:5e:71:47:61:27,,10.0.0.59,,,
1712856021767000000,625.022,wifi,true,true,,false,Aptzly,ba:5e:71:47:61:27,,10.0.0.59,,,
1712856023769000000,627.024,wifi,true,true,,false,Aptzly,ba:5e:71:47:61:27,,10.0.0.59,,,
1712856025773000000,629.028,wifi,true,true,,false,Aptzly,ba:5e:71:47:61:27,,10.0.0.59,,,
1712856027777000000,631.032,wifi,true,true,,false,Aptzly,ba:5e:71:47:61:27,,10.0.0.59,,,
1712856029779000000,633.034,wifi,true,true,,false,Aptzly,ba:5e:71:47:61:27,,10.0.0.59,,,
1712856031783000000,635.038,wifi,true,true,,false,Aptzly,ba:5e:71:47:61:27,,10.0.0.59,,,
1712856033786000000,637.0409997558594,wifi,true,true,,false,Aptzly,ba:5e:71:47:61:27,,10.0.0.59,,,
1712856035789000000,639.044,wifi,true,true,,false,Aptzly,ba:5e:71:47:61:27,,10.0.0.59,,,
1712856037794000000,641.0489997558594,wifi,true,true,,false,Aptzly,ba:5e:71:47:61:27,,10.0.0.59,,,
1712856039798000000,643.0530002441407,wifi,true,true,,false,Aptzly,ba:5e:71:47:61:27,,10.0.0.59,,,
1712856041799000000,645.054,wifi,true,true,,false,Aptzly,ba:5e:71:47:61:27,,10.0.0.59,,,
1712856043801000000,647.056,wifi,true,true,,false,Aptzly,ba:5e:71:47:61:27,,10.0.0.59,,,
1712856045802000000,649.0569997558594,wifi,true,true,,false,Aptzly,ba:5e:71:47:61:27,,10.0.0.59,,,
1712856047802000000,651.0569997558594,wifi,true,true,,false,Aptzly,ba:5e:71:47:61:27,,10.0.0.59,,,
1712856049803000000,653.058,wifi,true,true,,false,Aptzly,ba:5e:71:47:61:27,,10.0.0.59,,,
1712856051805000000,655.06,wifi,true,true,,false,Aptzly,ba:5e:71:47:61:27,,10.0.0.59,,,
1712856053806000000,657.0610002441406,wifi,true,true,,false,Aptzly,ba:5e:71:47:61:27,,10.0.0.59,,,
1712856055811000000,659.066,wifi,true,true,,false,Aptzly,ba:5e:71:47:61:27,,10.0.0.59,,,
1712856057817000000,661.072,wifi,true,true,,false,Aptzly,ba:5e:71:47:61:27,,10.0.0.59,,,
1712856059819000000,663.074,wifi,true,true,,false,Aptzly,ba:5e:71:47:61:27,,10.0.0.59,,,
1712856061823000000,665.078,wifi,true,true,,false,Aptzly,ba:5e:71:47:61:27,,10.0.0.59,,,
1712856063826000000,667.0809997558594,wifi,true,true,,false,Aptzly,ba:5e:71:47:61:27,,10.0.0.59,,,
1712856065828000000,669.083,wifi,true,true,,false,Aptzly,ba:5e:71:47:61:27,,10.0.0.59,,,
1712856067833000000,671.088,wifi,true,true,,false,Aptzly,ba:5e:71:47:61:27,,10.0.0.59,,,
1712856069834000000,673.0889997558594,wifi,true,true,,false,Aptzly,ba:5e:71:47:61:27,,10.0.0.59,,,
1712856071836000000,675.091,wifi,true,true,,false,Aptzly,ba:5e:71:47:61:27,,10.0.0.59,,,
1712856073842000000,677.0969997558594,wifi,true,true,,false,Aptzly,ba:5e:71:47:61:27,,10.0.0.59,,,
1712856075846000000,679.1010002441407,wifi,true,true,,false,Aptzly,ba:5e:71:47:61:27,,10.0.0.59,,,
1712856077848000000,681.103,wifi,true,true,,false,Aptzly,ba:5e:71:47:61:27,,10.0.0.59,,,
1712856079849000000,683.104,wifi,true,true,,false,Aptzly,ba:5e:71:47:61:27,,10.0.0.59,,,
1712856081852000000,685.107,wifi,true,true,,false,Aptzly,ba:5e:71:47:61:27,,10.0.0.59,,,
1712856083855000000,687.11,wifi,true,true,,false,Aptzly,ba:5e:71:47:61:27,,10.0.0.59,,,
1712856085860000000,689.115,wifi,true,true,,false,Aptzly,ba:5e:71:47:61:27,,10.0.0.59,,,
1712856087863000000,691.118,wifi,true,true,,false,Aptzly,ba:5e:71:47:61:27,,10.0.0.59,,,
1712856089864000000,693.119,wifi,true,true,,false,Aptzly,ba:5e:71:47:61:27,,10.0.0.59,,,
1712856091866000000,695.1209997558594,wifi,true,true,,false,Aptzly,ba:5e:71:47:61:27,,10.0.0.59,,,
1712856093870000000,697.1250002441407,wifi,true,true,,false,Aptzly,ba:5e:71:47:61:27,,10.0.0.59,,,
1712856095872000000,699.127,wifi,true,true,,false,Aptzly,ba:5e:71:47:61:27,,10.0.0.59,,,
1712856097877000000,701.132,wifi,true,true,,false,Aptzly,ba:5e:71:47:61:27,,10.0.0.59,,,
1712856099880000000,703.135,wifi,true,true,,false,Aptzly,ba:5e:71:47:61:27,,10.0.0.59,,,
1712856101885000000,705.14,wifi,true,true,,false,Aptzly,ba:5e:71:47:61:27,,10.0.0.59,,,
1712856103887000000,707.142,wifi,true,true,,false,Aptzly,ba:5e:71:47:61:27,,10.0.0.59,,,
1712856105892000000,709.147,wifi,true,true,,false,Aptzly,ba:5e:71:47:61:27,,10.0.0.59,,,
1712856107896000000,711.151,wifi,true,true,,false,Aptzly,ba:5e:71:47:61:27,,10.0.0.59,,,
1712856109899000000,713.154,wifi,true,true,,false,Aptzly,ba:5e:71:47:61:27,,10.0.0.59,,,
1712856111901000000,715.156,wifi,true,true,,false,Aptzly,ba:5e:71:47:61:27,,10.0.0.59,,,
1712856113906000000,717.1609997558594,wifi,true,true,,false,Aptzly,ba:5e:71:47:61:27,,10.0.0.59,,,
1712856115908000000,719.163,wifi,true,true,,false,Aptzly,ba:5e:71:47:61:27,,10.0.0.59,,,
1712856117913000000,721.168,wifi,true,true,,false,Aptzly,ba:5e:71:47:61:27,,10.0.0.59,,,
1712856119915000000,723.17,wifi,true,true,,false,Aptzly,ba:5e:71:47:61:27,,10.0.0.59,,,
1712856121915000000,725.17,wifi,true,true,,false,Aptzly,ba:5e:71:47:61:27,,10.0.0.59,,,
1712856123915000000,727.17,wifi,true,true,,false,Aptzly,ba:5e:71:47:61:27,,10.0.0.59,,,
1712856125917000000,729.172,wifi,true,true,,false,Aptzly,ba:5e:71:47:61:27,,10.0.0.59,,,
1712856127922000000,731.1769997558594,wifi,true,true,,false,Aptzly,ba:5e:71:47:61:27,,10.0.0.59,,,
1712856129927000000,733.182,wifi,true,true,,false,Aptzly,ba:5e:71:47:61:27,,10.0.0.59,,,
1712856131929000000,735.184,wifi,true,true,,false,Aptzly,ba:5e:71:47:61:27,,10.0.0.59,,,
1712856133934000000,737.1890002441406,wifi,true,true,,false,Aptzly,ba:5e:71:47:61:27,,10.0.0.59,,,
1712856135939000000,739.194,wifi,true,true,,false,Aptzly,ba:5e:71:47:61:27,,10.0.0.59,,,
1712856137943000000,741.198,wifi,true,true,,false,Aptzly,ba:5e:71:47:61:27,,10.0.0.59,,,
1712856139944000000,743.199,wifi,true,true,,false,Aptzly,ba:5e:71:47:61:27,,10.0.0.59,,,
1712856141947000000,745.202,wifi,true,true,,false,Aptzly,ba:5e:71:47:61:27,,10.0.0.59,,,
1712856143950000000,747.2050002441406,wifi,true,true,,false,Aptzly,ba:5e:71:47:61:27,,10.0.0.59,,,
1712856145954000000,749.2089997558594,wifi,true,true,,false,Aptzly,ba:5e:71:47:61:27,,10.0.0.59,,,
1712856147955000000,751.21,wifi,true,true,,false,Aptzly,ba:5e:71:47:61:27,,10.0.0.59,,,
1712856149959000000,753.214,wifi,true,true,,false,Aptzly,ba:5e:71:47:61:27,,10.0.0.59,,,
1712856151962000000,755.2169997558593,wifi,true,true,,false,Aptzly,ba:5e:71:47:61:27,,10.0.0.59,,,
1712856153964000000,757.219,wifi,true,true,,false,Aptzly,ba:5e:71:47:61:27,,10.0.0.59,,,
1712856155970000000,759.2249997558594,wifi,true,true,,false,Aptzly,ba:5e:71:47:61:27,,10.0.0.59,,,
1712856157975000000,761.23,wifi,true,true,,false,Aptzly,ba:5e:71:47:61:27,,10.0.0.59,,,
1712856159975000000,763.23,wifi,true,true,,false,Aptzly,ba:5e:71:47:61:27,,10.0.0.59,,,
1712856161976000000,765.231,wifi,true,true,,false,Aptzly,ba:5e:71:47:61:27,,10.0.0.59,,,
1712856163977000000,767.232,wifi,true,true,,false,Aptzly,ba:5e:71:47:61:27,,10.0.0.59,,,
1712856165982000000,769.2370002441406,wifi,true,true,,false,Aptzly,ba:5e:71:47:61:27,,10.0.0.59,,,
1712856167983000000,771.238,wifi,true,true,,false,Aptzly,ba:5e:71:47:61:27,,10.0.0.59,,,
1712856169989000000,773.244,wifi,true,true,,false,Aptzly,ba:5e:71:47:61:27,,10.0.0.59,,,
1712856171994000000,775.2489997558594,wifi,true,true,,false,Aptzly,ba:5e:71:47:61:27,,10.0.0.59,,,
1712856173997000000,777.252,wifi,true,true,,false,Aptzly,ba:5e:71:47:61:27,,10.0.0.59,,,
1712856176001000000,779.256,wifi,true,true,,false,Aptzly,ba:5e:71:47:61:27,,10.0.0.59,,,
1712856178002000000,781.2569997558594,wifi,true,true,,false,Aptzly,ba:5e:71:47:61:27,,10.0.0.59,,,
1712856180007000000,783.262,wifi,true,true,,false,Aptzly,ba:5e:71:47:61:27,,10.0.0.59,,,
1712856182013000000,785.268,wifi,true,true,,false,Aptzly,ba:5e:71:47:61:27,,10.0.0.59,,,
1712856184014000000,787.2690002441407,wifi,true,true,,false,Aptzly,ba:5e:71:47:61:27,,10.0.0.59,,,
1712856186016000000,789.271,wifi,true,true,,false,Aptzly,ba:5e:71:47:61:27,,10.0.0.59,,,
1712856188020000000,791.275,wifi,true,true,,false,Aptzly,ba:5e:71:47:61:27,,10.0.0.59,,,
1712856190021000000,793.276,wifi,true,true,,false,Aptzly,ba:5e:71:47:61:27,,10.0.0.59,,,
1712856192023000000,795.278,wifi,true,true,,false,Aptzly,ba:5e:71:47:61:27,,10.0.0.59,,,
1712856194027000000,797.282,wifi,true,true,,false,Aptzly,ba:5e:71:47:61:27,,10.0.0.59,,,
1712856196032000000,799.287,wifi,true,true,,false,Aptzly,ba:5e:71:47:61:27,,10.0.0.59,,,
1712856198038000000,801.2930002441407,wifi,true,true,,false,Aptzly,ba:5e:71:47:61:27,,10.0.0.59,,,
1712856200040000000,803.295,wifi,true,true,,false,Aptzly,ba:5e:71:47:61:27,,10.0.0.59,,,
1712856202044000000,805.299,wifi,true,true,,false,Aptzly,ba:5e:71:47:61:27,,10.0.0.59,,,
1712856204047000000,807.302,wifi,true,true,,false,Aptzly,ba:5e:71:47:61:27,,10.0.0.59,,,
1712856206052000000,809.307,wifi,true,true,,false,Aptzly,ba:5e:71:47:61:27,,10.0.0.59,,,
1712856208054000000,811.3090002441406,wifi,true,true,,false,Aptzly,ba:5e:71:47:61:27,,10.0.0.59,,,
1712856210059000000,813.314,wifi,true,true,,false,Aptzly,ba:5e:71:47:61:27,,10.0.0.59,,,
1712856212062000000,815.3170002441407,wifi,true,true,,false,Aptzly,ba:5e:71:47:61:27,,10.0.0.59,,,
1712856214067000000,817.322,wifi,true,true,,false,Aptzly,ba:5e:71:47:61:27,,10.0.0.59,,,
1712856216068000000,819.323,wifi,true,true,,false,Aptzly,ba:5e:71:47:61:27,,10.0.0.59,,,
1712856218068000000,821.323,wifi,true,true,,false,Aptzly,ba:5e:71:47:61:27,,10.0.0.59,,,
1712856220070000000,823.3250002441406,wifi,true,true,,false,Aptzly,ba:5e:71:47:61:27,,10.0.0.59,,,
1712856222072000000,825.327,wifi,true,true,,false,Aptzly,ba:5e:71:47:61:27,,10.0.0.59,,,
1712856224073000000,827.328,wifi,true,true,,false,Aptzly,ba:5e:71:47:61:27,,10.0.0.59,,,
1712856226075000000,829.33,wifi,true,true,,false,Aptzly,ba:5e:71:47:61:27,,10.0.0.59,,,
1712856228081000000,831.336,wifi,true,true,,false,Aptzly,ba:5e:71:47:61:27,,10.0.0.59,,,
1712856230082000000,833.3369997558593,wifi,true,true,,false,Aptzly,ba:5e:71:47:61:27,,10.0.0.59,,,
1712856232087000000,835.342,wifi,true,true,,false,Aptzly,ba:5e:71:47:61:27,,10.0.0.59,,,
1712856234090000000,837.3449997558594,wifi,true,true,,false,Aptzly,ba:5e:71:47:61:27,,10.0.0.59,,,
1712856236090000000,839.3449997558594,wifi,true,true,,false,Aptzly,ba:5e:71:47:61:27,,10.0.0.59,,,
1712856238094000000,841.3490002441406,wifi,true,true,,false,Aptzly,ba:5e:71:47:61:27,,10.0.0.59,,,
1712856240098000000,843.3529997558594,wifi,true,true,,false,Aptzly,ba:5e:71:47:61:27,,10.0.0.59,,,
1712856242103000000,845.358,wifi,true,true,,false,Aptzly,ba:5e:71:47:61:27,,10.0.0.59,,,
1712856244104000000,847.359,wifi,true,true,,false,Aptzly,ba:5e:71:47:61:27,,10.0.0.59,,,
1712856246109000000,849.364,wifi,true,true,,false,Aptzly,ba:5e:71:47:61:27,,10.0.0.59,,,
1712856248114000000,851.3689997558594,wifi,true,true,,false,Aptzly,ba:5e:71:47:61:27,,10.0.0.59,,,
1712856250117000000,853.372,wifi,true,true,,false,Aptzly,ba:5e:71:47:61:27,,10.0.0.59,,,
1712856252121000000,855.376,wifi,true,true,,false,Aptzly,ba:5e:71:47:61:27,,10.0.0.59,,,
1712856254124000000,857.379,wifi,true,true,,false,Aptzly,ba:5e:71:47:61:27,,10.0.0.59,,,
1712856256128000000,859.383,wifi,true,true,,false,Aptzly,ba:5e:71:47:61:27,,10.0.0.59,,,
1712856258132000000,861.387,wifi,true,true,,false,Aptzly,ba:5e:71:47:61:27,,10.0.0.59,,,
1712856260137000000,863.392,wifi,true,true,,false,Aptzly,ba:5e:71:47:61:27,,10.0.0.59,,,
1712856262140000000,865.395,wifi,true,true,,false,Aptzly,ba:5e:71:47:61:27,,10.0.0.59,,,
1712856264144000000,867.399,wifi,true,true,,false,Aptzly,ba:5e:71:47:61:27,,10.0.0.59,,,
1712856266149000000,869.404,wifi,true,true,,false,Aptzly,ba:5e:71:47:61:27,,10.0.0.59,,,
1712856268154000000,871.4089997558593,wifi,true,true,,false,Aptzly,ba:5e:71:47:61:27,,10.0.0.59,,,
1712856270158000000,873.4130002441407,wifi,true,true,,false,Aptzly,ba:5e:71:47:61:27,,10.0.0.59,,,
1712856272163000000,875.418,wifi,true,true,,false,Aptzly,ba:5e:71:47:61:27,,10.0.0.59,,,
1712856274167000000,877.422,wifi,true,true,,false,Aptzly,ba:5e:71:47:61:27,,10.0.0.59,,,
1712856276171000000,879.426,wifi,true,true,,false,Aptzly,ba:5e:71:47:61:27,,10.0.0.59,,,
1712856278173000000,881.428,wifi,true,true,,false,Aptzly,ba:5e:71:47:61:27,,10.0.0.59,,,
1712856280174000000,883.4290002441406,wifi,true,true,,false,Aptzly,ba:5e:71:47:61:27,,10.0.0.59,,,
1712856282176000000,885.431,wifi,true,true,,false,Aptzly,ba:5e:71:47:61:27,,10.0.0.59,,,
1712856284180000000,887.435,wifi,true,true,,false,Aptzly,ba:5e:71:47:61:27,,10.0.0.59,,,
1712856286183000000,889.438,wifi,true,true,,false,Aptzly,ba:5e:71:47:61:27,,10.0.0.59,,,
1712856288185000000,891.44,wifi,true,true,,false,Aptzly,ba:5e:71:47:61:27,,10.0.0.59,,,
1712856290187000000,893.442,wifi,true,true,,false,Aptzly,ba:5e:71:47:61:27,,10.0.0.59,,,
1712856292189000000,895.444,wifi,true,true,,false,Aptzly,ba:5e:71:47:61:27,,10.0.0.59,,,
1712856294190000000,897.4450002441406,wifi,true,true,,false,Aptzly,ba:5e:71:47:61:27,,10.0.0.59,,,
1712856296191000000,899.446,wifi,true,true,,false,Aptzly,ba:5e:71:47:61:27,,10.0.0.59,,,
1712856298193000000,901.448,wifi,true,true,,false,Aptzly,ba:5e:71:47:61:27,,10.0.0.59,,,
1712856300195000000,903.45,wifi,true,true,,false,Aptzly,ba:5e:71:47:61:27,,10.0.0.59,,,
1712856302198000000,905.4530002441406,wifi,true,true,,false,Aptzly,ba:5e:71:47:61:27,,10.0.0.59,,,
1712856304203000000,907.458,wifi,true,true,,false,Aptzly,ba:5e:71:47:61:27,,10.0.0.59,,,
1712856306203000000,909.458,wifi,true,true,,false,Aptzly,ba:5e:71:47:61:27,,10.0.0.59,,,
1712856308205000000,911.46,wifi,true,true,,false,Aptzly,ba:5e:71:47:61:27,,10.0.0.59,,,
1712856310207000000,913.462,wifi,true,true,,false,Aptzly,ba:5e:71:47:61:27,,10.0.0.59,,,
1712856312209000000,915.464,wifi,true,true,,false,Aptzly,ba:5e:71:47:61:27,,10.0.0.59,,,
1712856314213000000,917.468,wifi,true,true,,false,Aptzly,ba:5e:71:47:61:27,,10.0.0.59,,,
1712856316219000000,919.474,wifi,true,true,,false,Aptzly,ba:5e:71:47:61:27,,10.0.0.59,,,
1712856318224000000,921.479,wifi,true,true,,false,Aptzly,ba:5e:71:47:61:27,,10.0.0.59,,,
1712856320226000000,923.4809997558593,wifi,true,true,,false,Aptzly,ba:5e:71:47:61:27,,10.0.0.59,,,
1712856322231000000,925.486,wifi,true,true,,false,Aptzly,ba:5e:71:47:61:27,,10.0.0.59,,,
1712856324233000000,927.488,wifi,true,true,,false,Aptzly,ba:5e:71:47:61:27,,10.0.0.59,,,
1712856326239000000,929.494,wifi,true,true,,false,Aptzly,ba:5e:71:47:61:27,,10.0.0.59,,,
1712856328244000000,931.499,wifi,true,true,,false,Aptzly,ba:5e:71:47:61:27,,10.0.0.59,,,
1712856330249000000,933.504,wifi,true,true,,false,Aptzly,ba:5e:71:47:61:27,,10.0.0.59,,,
1712856332254000000,935.5090002441407,wifi,true,true,,false,Aptzly,ba:5e:71:47:61:27,,10.0.0.59,,,
1712856334259000000,937.514,wifi,true,true,,false,Aptzly,ba:5e:71:47:61:27,,10.0.0.59,,,
1712856336262000000,939.5170002441406,wifi,true,true,,false,Aptzly,ba:5e:71:47:61:27,,10.0.0.59,,,
1712856338264000000,941.519,wifi,true,true,,false,Aptzly,ba:5e:71:47:61:27,,10.0.0.59,,,
1712856340269000000,943.524,wifi,true,true,,false,Aptzly,ba:5e:71:47:61:27,,10.0.0.59,,,
1712856342273000000,945.528,wifi,true,true,,false,Aptzly,ba:5e:71:47:61:27,,10.0.0.59,,,
1712856344275000000,947.53,wifi,true,true,,false,Aptzly,ba:5e:71:47:61:27,,10.0.0.59,,,
1712856346280000000,949.535,wifi,true,true,,false,Aptzly,ba:5e:71:47:61:27,,10.0.0.59,,,
1712856348282000000,951.5369997558594,wifi,true,true,,false,Aptzly,ba:5e:71:47:61:27,,10.0.0.59,,,
1712856350287000000,953.542,wifi,true,true,,false,Aptzly,ba:5e:71:47:61:27,,10.0.0.59,,,
1712856352292000000,955.547,wifi,true,true,,false,Aptzly,ba:5e:71:47:61:27,,10.0.0.59,,,
1712856354294000000,957.5490002441406,wifi,true,true,,false,Aptzly,ba:5e:71:47:61:27,,10.0.0.59,,,
1712856356299000000,959.554,wifi,true,true,,false,Aptzly,ba:5e:71:47:61:27,,10.0.0.59,,,
1712856358305000000,961.56,wifi,true,true,,false,Aptzly,ba:5e:71:47:61:27,,10.0.0.59,,,
1712856360309000000,963.564,wifi,true,true,,false,Aptzly,ba:5e:71:47:61:27,,10.0.0.59,,,
1712856362313000000,965.568,wifi,true,true,,false,Aptzly,ba:5e:71:47:61:27,,10.0.0.59,,,
1712856364316000000,967.571,wifi,true,true,,false,Aptzly,ba:5e:71:47:61:27,,10.0.0.59,,,
1712856366321000000,969.576,wifi,true,true,,false,Aptzly,ba:5e:71:47:61:27,,10.0.0.59,,,
1712856368324000000,971.579,wifi,true,true,,false,Aptzly,ba:5e:71:47:61:27,,10.0.0.59,,,
1712856370324000000,973.579,wifi,true,true,,false,Aptzly,ba:5e:71:47:61:27,,10.0.0.59,,,
1712856372329000000,975.584,wifi,true,true,,false,Aptzly,ba:5e:71:47:61:27,,10.0.0.59,,,
1712856374330000000,977.5849997558594,wifi,true,true,,false,Aptzly,ba:5e:71:47:61:27,,10.0.0.59,,,
1712856376334000000,979.5890002441406,wifi,true,true,,false,Aptzly,ba:5e:71:47:61:27,,10.0.0.59,,,
1712856378337000000,981.592,wifi,true,true,,false,Aptzly,ba:5e:71:47:61:27,,10.0.0.59,,,
1712856380340000000,983.595,wifi,true,true,,false,Aptzly,ba:5e:71:47:61:27,,10.0.0.59,,,
1712856382344000000,985.599,wifi,true,true,,false,Aptzly,ba:5e:71:47:61:27,,10.0.0.59,,,
1712856384349000000,987.604,wifi,true,true,,false,Aptzly,ba:5e:71:47:61:27,,10.0.0.59,,,
1712856386354000000,989.6089997558594,wifi,true,true,,false,Aptzly,ba:5e:71:47:61:27,,10.0.0.59,,,
1712856388354000000,991.6089997558594,wifi,true,true,,false,Aptzly,ba:5e:71:47:61:27,,10.0.0.59,,,
1712856390356000000,993.611,wifi,true,true,,false,Aptzly,ba:5e:71:47:61:27,,10.0.0.59,,,
1712856392361000000,995.616,wifi,true,true,,false,Aptzly,ba:5e:71:47:61:27,,10.0.0.59,,,
1712856394364000000,997.619,wifi,true,true,,false,Aptzly,ba:5e:71:47:61:27,,10.0.0.59,,,
1712856396370000000,999.6249997558593,wifi,true,true,,false,Aptzly,ba:5e:71:47:61:27,,10.0.0.59,,,
1712856398373000000,1001.628,wifi,true,true,,false,Aptzly,ba:5e:71:47:61:27,,10.0.0.59,,,
1712856400378000000,1003.6329997558594,wifi,true,true,,false,Aptzly,ba:5e:71:47:61:27,,10.0.0.59,,,
1712856402381000000,1005.636,wifi,true,true,,false,Aptzly,ba:5e:71:47:61:27,,10.0.0.59,,,
1712856404386000000,1007.6409997558594,wifi,true,true,,false,Aptzly,ba:5e:71:47:61:27,,10.0.0.59,,,
1712856406390000000,1009.6450002441406,wifi,true,true,,false,Aptzly,ba:5e:71:47:61:27,,10.0.0.59,,,
1712856408394000000,1011.6489997558593,wifi,true,true,,false,Aptzly,ba:5e:71:47:61:27,,10.0.0.59,,,
1712856410398000000,1013.6530002441406,wifi,true,true,,false,Aptzly,ba:5e:71:47:61:27,,10.0.0.59,,,
1712856412401000000,1015.656,wifi,true,true,,false,Aptzly,ba:5e:71:47:61:27,,10.0.0.59,,,
1712856414405000000,1017.66,wifi,true,true,,false,Aptzly,ba:5e:71:47:61:27,,10.0.0.59,,,
1712856416407000000,1019.662,wifi,true,true,,false,Aptzly,ba:5e:71:47:61:27,,10.0.0.59,,,
1712856418412000000,1021.667,wifi,true,true,,false,Aptzly,ba:5e:71:47:61:27,,10.0.0.59,,,
1712856420415000000,1023.67,wifi,true,true,,false,Aptzly,ba:5e:71:47:61:27,,10.0.0.59,,,
1712856422419000000,1025.674,wifi,true,true,,false,Aptzly,ba:5e:71:47:61:27,,10.0.0.59,,,
1712856424422000000,1027.6770002441406,wifi,true,true,,false,Aptzly,ba:5e:71:47:61:27,,10.0.0.59,,,
1712856426423000000,1029.678,wifi,true,true,,false,Aptzly,ba:5e:71:47:61:27,,10.0.0.59,,,
1712856428424000000,1031.679,wifi,true,true,,false,Aptzly,ba:5e:71:47:61:27,,10.0.0.59,,,
1712856430426000000,1033.6809997558594,wifi,true,true,,false,Aptzly,ba:5e:71:47:61:27,,10.0.0.59,,,
1712856432429000000,1035.684,wifi,true,true,,false,Aptzly,ba:5e:71:47:61:27,,10.0.0.59,,,
1712856434431000000,1037.686,wifi,true,true,,false,Aptzly,ba:5e:71:47:61:27,,10.0.0.59,,,
1712856436433000000,1039.688,wifi,true,true,,false,Aptzly,ba:5e:71:47:61:27,,10.0.0.59,,,
1712856438435000000,1041.69,wifi,true,true,,false,Aptzly,ba:5e:71:47:61:27,,10.0.0.59,,,
1712856440437000000,1043.692,wifi,true,true,,false,Aptzly,ba:5e:71:47:61:27,,10.0.0.59,,,
1712856442439000000,1045.694,wifi,true,true,,false,Aptzly,ba:5e:71:47:61:27,,10.0.0.59,,,
1712856444441000000,1047.696,wifi,true,true,,false,Aptzly,ba:5e:71:47:61:27,,10.0.0.59,,,
1712856446443000000,1049.698,wifi,true,true,,false,Aptzly,ba:5e:71:47:61:27,,10.0.0.59,,,
1712856448445000000,1051.7,wifi,true,true,,false,Aptzly,ba:5e:71:47:61:27,,10.0.0.59,,,
1712856450447000000,1053.702,wifi,true,true,,false,Aptzly,ba:5e:71:47:61:27,,10.0.0.59,,,
1712856452450000000,1055.7049997558593,wifi,true,true,,false,Aptzly,ba:5e:71:47:61:27,,10.0.0.59,,,
1712856454451000000,1057.706,wifi,true,true,,false,Aptzly,ba:5e:71:47:61:27,,10.0.0.59,,,
1712856456453000000,1059.708,wifi,true,true,,false,Aptzly,ba:5e:71:47:61:27,,10.0.0.59,,,
1712856458455000000,1061.71,wifi,true,true,,false,Aptzly,ba:5e:71:47:61:27,,10.0.0.59,,,
1712856460456000000,1063.711,wifi,true,true,,false,Aptzly,ba:5e:71:47:61:27,,10.0.0.59,,,
1712856462458000000,1065.7129997558593,wifi,true,true,,false,Aptzly,ba:5e:71:47:61:27,,10.0.0.59,,,
1712856464461000000,1067.716,wifi,true,true,,false,Aptzly,ba:5e:71:47:61:27,,10.0.0.59,,,
1712856466463000000,1069.718,wifi,true,true,,false,Aptzly,ba:5e:71:47:61:27,,10.0.0.59,,,
1712856468465000000,1071.72,wifi,true,true,,false,Aptzly,ba:5e:71:47:61:27,,10.0.0.59,,,
1712856470467000000,1073.722,wifi,true,true,,false,Aptzly,ba:5e:71:47:61:27,,10.0.0.59,,,
1712856472469000000,1075.724,wifi,true,true,,false,Aptzly,ba:5e:71:47:61:27,,10.0.0.59,,,
1712856474471000000,1077.726,wifi,true,true,,false,Aptzly,ba:5e:71:47:61:27,,10.0.0.59,,,
1712856476473000000,1079.728,wifi,true,true,,false,Aptzly,ba:5e:71:47:61:27,,10.0.0.59,,,
1712856478475000000,1081.73,wifi,true,true,,false,Aptzly,ba:5e:71:47:61:27,,10.0.0.59,,,
1712856480477000000,1083.732,wifi,true,true,,false,Aptzly,ba:5e:71:47:61:27,,10.0.0.59,,,
1712856482479000000,1085.734,wifi,true,true,,false,Aptzly,ba:5e:71:47:61:27,,10.0.0.59,,,
1712856484481000000,1087.736,wifi,true,true,,false,Aptzly,ba:5e:71:47:61:27,,10.0.0.59,,,
1712856486483000000,1089.738,wifi,true,true,,false,Aptzly,ba:5e:71:47:61:27,,10.0.0.59,,,
1712856488485000000,1091.74,wifi,true,true,,false,Aptzly,ba:5e:71:47:61:27,,10.0.0.59,,,
1712856490488000000,1093.743,wifi,true,true,,false,Aptzly,ba:5e:71:47:61:27,,10.0.0.59,,,
1712856492490000000,1095.7449997558595,wifi,true,true,,false,Aptzly,ba:5e:71:47:61:27,,10.0.0.59,,,
1712856494492000000,1097.747,wifi,true,true,,false,Aptzly,ba:5e:71:47:61:27,,10.0.0.59,,,
1712856496494000000,1099.7490002441407,wifi,true,true,,false,Aptzly,ba:5e:71:47:61:27,,10.0.0.59,,,
1712856498496000000,1101.751,wifi,true,true,,false,Aptzly,ba:5e:71:47:61:27,,10.0.0.59,,,
1712856500498000000,1103.7529997558593,wifi,true,true,,false,Aptzly,ba:5e:71:47:61:27,,10.0.0.59,,,
1712856502500000000,1105.755,wifi,true,true,,false,Aptzly,ba:5e:71:47:61:27,,10.0.0.59,,,
1712856504502000000,1107.7570002441407,wifi,true,true,,false,Aptzly,ba:5e:71:47:61:27,,10.0.0.59,,,
1712856506504000000,1109.759,wifi,true,true,,false,Aptzly,ba:5e:71:47:61:27,,10.0.0.59,,,
1712856508506000000,1111.7609997558593,wifi,true,true,,false,Aptzly,ba:5e:71:47:61:27,,10.0.0.59,,,
1712856510509000000,1113.764,wifi,true,true,,false,Aptzly,ba:5e:71:47:61:27,,10.0.0.59,,,
1712856512511000000,1115.766,wifi,true,true,,false,Aptzly,ba:5e:71:47:61:27,,10.0.0.59,,,
1712856514513000000,1117.768,wifi,true,true,,false,Aptzly,ba:5e:71:47:61:27,,10.0.0.59,,,
1712856516515000000,1119.77,wifi,true,true,,false,Aptzly,ba:5e:71:47:61:27,,10.0.0.59,,,
1712856518517000000,1121.772,wifi,true,true,,false,Aptzly,ba:5e:71:47:61:27,,10.0.0.59,,,
1712856520518000000,1123.7730002441406,wifi,true,true,,false,Aptzly,ba:5e:71:47:61:27,,10.0.0.59,,,
1712856522520000000,1125.775,wifi,true,true,,false,Aptzly,ba:5e:71:47:61:27,,10.0.0.59,,,
1712856524522000000,1127.7769997558594,wifi,true,true,,false,Aptzly,ba:5e:71:47:61:27,,10.0.0.59,,,
1712856526524000000,1129.779,wifi,true,true,,false,Aptzly,ba:5e:71:47:61:27,,10.0.0.59,,,
1712856528526000000,1131.7810002441406,wifi,true,true,,false,Aptzly,ba:5e:71:47:61:27,,10.0.0.59,,,
1712856530528000000,1133.783,wifi,true,true,,false,Aptzly,ba:5e:71:47:61:27,,10.0.0.59,,,
1712856532530000000,1135.7849997558594,wifi,true,true,,false,Aptzly,ba:5e:71:47:61:27,,10.0.0.59,,,
1712856534532000000,1137.787,wifi,true,true,,false,Aptzly,ba:5e:71:47:61:27,,10.0.0.59,,,
1712856536533000000,1139.788,wifi,true,true,,false,Aptzly,ba:5e:71:47:61:27,,10.0.0.59,,,
1712856538536000000,1141.791,wifi,true,true,,false,Aptzly,ba:5e:71:47:61:27,,10.0.0.59,,,
1712856540538000000,1143.7929997558595,wifi,true,true,,false,Aptzly,ba:5e:71:47:61:27,,10.0.0.59,,,
1712856542540000000,1145.795,wifi,true,true,,false,Aptzly,ba:5e:71:47:61:27,,10.0.0.59,,,
1712856544542000000,1147.7970002441407,wifi,true,true,,false,Aptzly,ba:5e:71:47:61:27,,10.0.0.59,,,
1712856546544000000,1149.799,wifi,true,true,,false,Aptzly,ba:5e:71:47:61:27,,10.0.0.59,,,
1712856548546000000,1151.8009997558593,wifi,true,true,,false,Aptzly,ba:5e:71:47:61:27,,10.0.0.59,,,
1712856550548000000,1153.803,wifi,true,true,,false,Aptzly,ba:5e:71:47:61:27,,10.0.0.59,,,
1712856552550000000,1155.8050002441407,wifi,true,true,,false,Aptzly,ba:5e:71:47:61:27,,10.0.0.59,,,
1712856554551000000,1157.806,wifi,true,true,,false,Aptzly,ba:5e:71:47:61:27,,10.0.0.59,,,
1712856556554000000,1159.8089997558593,wifi,true,true,,false,Aptzly,ba:5e:71:47:61:27,,10.0.0.59,,,
1712856558556000000,1161.811,wifi,true,true,,false,Aptzly,ba:5e:71:47:61:27,,10.0.0.59,,,
1712856560558000000,1163.8130002441405,wifi,true,true,,false,Aptzly,ba:5e:71:47:61:27,,10.0.0.59,,,
1712856562560000000,1165.815,wifi,true,true,,false,Aptzly,ba:5e:71:47:61:27,,10.0.0.59,,,
1712856564562000000,1167.8169997558593,wifi,true,true,,false,Aptzly,ba:5e:71:47:61:27,,10.0.0.59,,,
1712856566564000000,1169.819,wifi,true,true,,false,Aptzly,ba:5e:71:47:61:27,,10.0.0.59,,,
1712856568566000000,1171.8210002441406,wifi,true,true,,false,Aptzly,ba:5e:71:47:61:27,,10.0.0.59,,,
1712856570567000000,1173.822,wifi,true,true,,false,Aptzly,ba:5e:71:47:61:27,,10.0.0.59,,,
1712856572569000000,1175.824,wifi,true,true,,false,Aptzly,ba:5e:71:47:61:27,,10.0.0.59,,,
1712856574575000000,1177.83,wifi,true,true,,false,Aptzly,ba:5e:71:47:61:27,,10.0.0.59,,,
1712856576583000000,1179.838,wifi,true,true,,false,Aptzly,ba:5e:71:47:61:27,,10.0.0.59,,,
1712856578582000000,1181.8370002441407,wifi,true,true,,false,Aptzly,ba:5e:71:47:61:27,,10.0.0.59,,,
1712856580584000000,1183.839,wifi,true,true,,false,Aptzly,ba:5e:71:47:61:27,,10.0.0.59,,,
1712856582588000000,1185.843,wifi,true,true,,false,Aptzly,ba:5e:71:47:61:27,,10.0.0.59,,,
1712856584589000000,1187.844,wifi,true,true,,false,Aptzly,ba:5e:71:47:61:27,,10.0.0.59,,,
1712856586592000000,1189.847,wifi,true,true,,false,Aptzly,ba:5e:71:47:61:27,,10.0.0.59,,,
1712856588595000000,1191.85,wifi,true,true,,false,Aptzly,ba:5e:71:47:61:27,,10.0.0.59,,,
1712856590597000000,1193.852,wifi,true,true,,false,Aptzly,ba:5e:71:47:61:27,,10.0.0.59,,,
1712856592600000000,1195.855,wifi,true,true,,false,Aptzly,ba:5e:71:47:61:27,,10.0.0.59,,,
1712856594604000000,1197.859,wifi,true,true,,false,Aptzly,ba:5e:71:47:61:27,,10.0.0.59,,,
1712856596607000000,1199.862,wifi,true,true,,false,Aptzly,ba:5e:71:47:61:27,,10.0.0.59,,,
1712856598610000000,1201.8649997558593,wifi,true,true,,false,Aptzly,ba:5e:71:47:61:27,,10.0.0.59,,,
1712856600613000000,1203.868,wifi,true,true,,false,Aptzly,ba:5e:71:47:61:27,,10.0.0.59,,,
1712856602616000000,1205.871,wifi,true,true,,false,Aptzly,ba:5e:71:47:61:27,,10.0.0.59,,,
1712856604620000000,1207.875,wifi,true,true,,false,Aptzly,ba:5e:71:47:61:27,,10.0.0.59,,,
1712856606622000000,1209.8770002441406,wifi,true,true,,false,Aptzly,ba:5e:71:47:61:27,,10.0.0.59,,,
1712856608627000000,1211.882,wifi,true,true,,false,Aptzly,ba:5e:71:47:61:27,,10.0.0.59,,,
1712856610630000000,1213.8850002441407,wifi,true,true,,false,Aptzly,ba:5e:71:47:61:27,,10.0.0.59,,,
1712856612634000000,1215.8889997558595,wifi,true,true,,false,Aptzly,ba:5e:71:47:61:27,,10.0.0.59,,,
1712856614638000000,1217.8930002441407,wifi,true,true,,false,Aptzly,ba:5e:71:47:61:27,,10.0.0.59,,,
1712856616642000000,1219.8969997558593,wifi,true,true,,false,Aptzly,ba:5e:71:47:61:27,,10.0.0.59,,,
1712856618646000000,1221.9010002441407,wifi,true,true,,false,Aptzly,ba:5e:71:47:61:27,,10.0.0.59,,,
1712856620651000000,1223.906,wifi,true,true,,false,Aptzly,ba:5e:71:47:61:27,,10.0.0.59,,,
1712856622655000000,1225.91,wifi,true,true,,false,Aptzly,ba:5e:71:47:61:27,,10.0.0.59,,,
