time,seconds_elapsed,altitude,speedAccuracy,bearingAccuracy,latitude,altitudeAboveMeanSeaLevel,bearing,horizontalAccuracy,verticalAccuracy,longitude,speed
1712792279000025600,-0.159974365234375,166.1535944575444,1.1922406338046116,33.708023047386845,40.46940657648274,200.5635943049565,298.507679172306,4.7421978744633755,3.366911990567007,-86.95669555372098,1.2862401241279564
1712792280000024800,0.84002490234375,166.28143341094255,0.7070723234714554,24.32902076361658,40.46941690541897,200.69143325835466,295.73893067854465,4.741280210143261,3.36820412114419,-86.9567100445002,1.1994365618766283
1712792281000070700,1.840070556640625,166.0734985396266,1.1990863035785284,35.51751781262766,40.469429410271054,200.4834983870387,301.74473783140695,4.741334348636491,3.368127911352033,-86.95672438428433,1.256913728742019
1712792282000074800,2.84007470703125,166.40237828716636,1.1458029916605967,54.457834272563815,40.46943534955802,200.81237813457847,311.5968928455777,4.738882268693906,3.371577060701317,-86.95672509831981,0.8509351550383573
1712792283000074000,3.840073974609375,166.21452746074647,1.2235185193732494,54.356593530682474,40.46943756898847,200.62452730815858,292.9908859584813,4.7420286442494515,3.3671503337253212,-86.9567382395721,0.7798301916685882
1712792284000074000,4.840073974609375,165.96790971420705,1.1489745636488116,84.45181755215279,40.46943610309267,200.37790956161916,271.5579121754197,4.742146963491522,3.3669836960456125,-86.95674836520892,0.42263912632034756
1712792285000071400,5.840071533203125,165.85397945530713,1.181723566828925,70.62504073261142,40.469440154968275,200.26397930271924,277.5884658129311,4.739353903615386,3.3709140613599797,-86.9567625632932,0.5205077036771315
1712792286000067300,6.8400673828125,166.02080312557518,1.2956108043279881,39.54634809115121,40.46944381938147,200.4308029729873,274.85005880855743,4.738576856300782,3.3720062885053212,-86.95678651764649,1.0053997371361527
1712792287000062200,7.840062255859375,166.620968721807,1.2827601712351218,32.77365411461317,40.46944582472297,201.0309685692191,275.9410653252879,4.737924863711865,3.3729223262046433,-86.9568067971441,1.2475727364354803
1712792288000064800,8.840064697265625,166.78974700719118,1.133778203141965,39.5680991741967,40.4694483076709,201.1997468546033,281.61886936783065,4.736636885533855,3.3747308111001955,-86.9568177244195,0.8380367910937682
1712792289000063000,9.84006298828125,166.55100809037685,1.2445006809069419,68.8306099011185,40.46944885467728,200.96100793778896,275.6970125179206,4.73667597979043,3.374675939296276,-86.95682571519879,0.5407228577231342
1712792290000061400,10.8400615234375,166.57934751920402,1.2753947048516716,57.25025604888564,40.46944985588276,200.98934736661613,271.6445918492673,4.737323524588722,3.3737668645250416,-86.9568377375583,0.6639423691821867
1712792291000059600,11.8400595703125,166.74144302681088,1.2835921326671347,50.080549851665225,40.46945129456256,201.151442874223,273.07766241030345,4.740986677016149,3.368617277332675,-86.9568543438367,0.7799243178590463
1712792292000059600,12.8400595703125,166.62534183543175,1.2178921842332473,55.14881437344018,40.46944998257385,201.03534168284386,279.66476866465894,4.741950612763021,3.367260224411716,-86.95687298358895,0.6791715833916688
1712792293000057300,13.840057373046875,166.81521662510931,1.2789935412754356,44.23953023624016,40.46944379910015,201.22521647252142,266.78649254224337,4.7439903691648695,3.3643858889936813,-86.95689056506114,0.9001890254674338
1712792294000059600,14.8400595703125,166.23434847872704,1.1962624657081433,48.51348266087783,40.46944562306045,200.64434832613915,277.1496611277035,4.743737787508884,3.3647420162843322,-86.95690359483919,0.7712703807381056
1712792295000057300,15.840057373046875,166.74837945122272,1.2590944839869056,44.698421453845455,40.46944575063728,201.15837929863483,271.01822361051643,4.7424622223395225,3.366539633283903,-86.95692030627944,0.874876563787103
1712792296000055300,16.84005517578125,167.04189768154174,1.2883929228088695,56.894548042384166,40.46944726040092,201.45189752895385,266.3587622362759,4.741258518797202,3.3682346549374795,-86.95692751716199,0.7103746238582577
1712792297000052000,17.840052001953126,166.76607103738934,1.2728990563826872,58.06689691104324,40.46945015743908,201.17607088480145,271.32680778282844,4.74344781308509,3.3651507956296878,-86.95693644452095,0.6697271874780986
1712792298000049200,18.840049072265625,166.72552585508674,1.2823754676718786,54.753430439585514,40.46945239140214,201.13552570249885,274.6909566140111,4.744297520087365,3.363952745459085,-86.95694847096625,0.7130422832348806
1712792299000045800,19.8400458984375,166.77435786556453,1.2404140666101202,66.44140149134323,40.46944874605406,201.18435771297663,257.1221586423603,4.741623149056724,3.367721328304678,-86.95695434957547,0.5915625635169597
1712792300000043500,20.84004345703125,166.39513295516372,1.2634324316975638,47.431820156658354,40.469447359879126,200.80513280257583,255.48439088605733,4.737209845166488,3.3739264834383293,-86.95696806558402,0.8387995313274068
1712792301000042000,21.8400419921875,166.58210834115744,1.28428246403077,42.005489942949886,40.46944723847723,200.99210818856955,257.5097348561267,4.74311754543939,3.365616285754193,-86.95698616691821,0.9803631407775504
1712792302000040000,22.8400400390625,166.99670765269548,1.1659268888640273,54.78759085781152,40.46945839307684,201.4067075001076,295.07036473107075,4.751752529761245,3.353413921468157,-86.9569981553527,0.7829319372228508
1712792303000040000,23.8400400390625,166.55215095728636,1.2708030704732607,35.443895524093506,40.46945500303154,200.96215080469847,289.45242163769007,4.762975943483643,3.337453699242124,-86.95702192989147,1.2274407676471972
1712792304000034300,24.840034423828126,166.0746982274577,1.187480685271776,62.31912839646934,40.46944758459569,200.4846980748698,280.6957865561105,4.759881398671255,3.34186566207743,-86.95702905479392,0.603565107601235
1712792305000032500,25.840032470703125,166.12136802263558,0.9460354485715732,52.747848659389085,40.46944281376436,200.5313678700477,273.99982556272215,4.766483708883044,3.3324420603727507,-86.95704699813581,0.5726691775734659
1712792306000034000,26.840033935546874,166.33877398911864,1.2625251087991547,57.325526175571085,40.46944387395769,200.74877383653075,281.2315905763386,4.77008117748431,3.3272905783833684,-86.95706008424732,0.6803839741259713
1712792307000029400,27.840029541015625,166.5272348066792,1.2849090987327727,73.90294382100195,40.46944160684561,200.9372346540913,277.28427859437426,4.774295284301507,3.321240968536493,-86.95707035161661,0.5274572392749032
1712792308000028000,28.84002783203125,166.51171756349504,1.5026836969279365,180,40.46944206226819,200.92171741090715,279.0876880173557,4.79196101850176,3.2957012349344432,-86.95706829375204,0.11557459445626518
1712792309000025900,29.84002587890625,166.7485496578738,2.084040049349341,180,40.46944442471271,201.15854950528592,279.0876844920416,4.869204697464033,3.1804689350759316,-86.95707431215855,0.22024117418504954
1712792310000024300,30.8400244140625,166.4582482734695,2.229081537820501,180,40.46944847280346,200.86824812088162,279.0876790486892,4.974753799691283,3.0127000622773545,-86.9570837430954,0.5448373153410175
1712792311000023000,31.84002294921875,166.6432690816,0.8843717609404914,180,40.469459471448275,201.05326892901212,317.18070307057866,4.937019245176579,3.0741467117795342,-86.95707920193274,0.24485228646132454
1712792312000022300,32.840022216796875,166.8316554967314,1.9673213588685634,180,40.469463346599476,201.2416553441435,317.1806983414756,5.041395541264124,2.8998048260721014,-86.95708643951787,0.36586429797971864
1712792313000020000,33.84002001953125,166.67247597686946,2.298368354178213,180,40.4694680085789,201.08247582428157,317.18069675588845,5.778494905203296,2.523849993875892,-86.95708894387165,0.3523917114629639
1712792314000019200,34.84001928710938,166.71670465543866,2.7151097486885574,180,40.469470845922814,201.12670450285077,317.1806938206438,6.7375321575529545,1.7186564511346707,-86.95709344605937,0.3796715143455791
1712792315000017700,35.840017578125,166.46533557027578,3.3255501847501043,180,40.46947196450739,200.8753354176879,317.18068918352037,8.952018047239909,1.214655001358802,-86.9571004809099,0.4466463891699835
1712792316000017200,36.84001708984375,166.57973515428603,3.8423800735878997,180,40.46947120344159,200.98973500169814,317.18068619461246,11.888376121462555,1.214667377242298,-86.95710498104718,0.4693088371501109
1712792317000015400,37.84001538085938,166.78228329587728,4.3441947020418965,180,40.46947224955834,201.1922831432894,317.18067809488133,14.807808864773017,1.1858843388814277,-86.95711724794593,0.6844038632752063
1712792318000015400,38.84001538085938,166.91519621945918,5.035490999443321,180,40.46947123605878,201.32519606687129,317.1806748315171,19.125978120609435,1.208626041421697,-86.95712215709004,0.6787755497557242
1712792319000014300,39.84001440429687,166.7955661136657,5.4932507351866375,180,40.46946897573959,201.2055659610778,317.18067240846074,23.46721071951401,1.2053107521300173,-86.95712576729619,0.7255002168160406
1712792320000013800,40.84001391601562,166.9237438812852,5.673826254911067,180,40.46946758963354,201.3337437286973,317.1806724227579,27.772517565296063,1.1803431366755262,-86.95712571365223,0.6785289994533847
1712792321000013300,41.84001342773438,166.80802104156464,5.9938359926048745,180,40.46947205441905,201.21802088897675,317.1806717534032,33.47995556667443,1.2004826881565756,-86.95712682856433,0.7212101355262663
1712792322015452000,42.85545190429688,169.39740043133497,3.8022406340121124,76.07711378487241,40.46938174640291,203.80740027874708,227.8124857200012,22.318947815305428,12.000000000000682,-86.95722560789063,2.480000019073293
1712792325000011000,45.840010986328124,168.8316650390625,3.7100000381469727,97.43458828395617,40.469353348054426,203.2416648864746,229.921875,38.32661371499209,16,-86.9572699908977,0.46000000834465027
1712792326000011300,46.84001123046875,168.8316650716588,4.147906140911722,-1,40.46935334805461,203.2416649190709,-1,38.32661371499209,16,-86.9572699908977,0.46000000834465027
1712792327000010200,47.84001025390625,168.5965576497838,4.18144712858701,-1,40.469377320297674,203.0065574971959,-1,42.37553189740866,16,-86.9572699908977,1.409999966621399
1712792328000009500,48.840009521484376,168.49987796135247,4.528037867685134,-1,40.469403765202195,202.90987780876458,-1,47.50183691248725,15.999999999999995,-86.95727418184929,1.409999966621399
1712792329000009500,49.840009521484376,168.45812991447747,4.762825047972224,-1,40.469432515130066,202.86812976188958,-1,52.870990413139516,16.000000000000004,-86.95727602586798,1.409999966621399
1712792330000008400,50.84000854492187,168.4168701497838,4.975251036688972,-1,40.469458121844255,202.8268699971959,-1,58.49210351656898,16,-86.95727837280087,1.409999966621399
1712792331000007700,51.840007568359376,168.3763428060338,5.18767755852587,-1,40.46948083680184,202.7863426534459,-1,64.3631171643602,24,-86.9572818932002,1.409999966621399
1712792332020125700,52.86012573242188,166.9494630843401,5.026768319745492,100.60449687988022,40.46944357715293,201.3594629317522,276.6796765668432,102.24930671014134,4.000000000032998,-86.95732958366132,1.4099999666213632
1712792358012606200,78.85260620117188,167.38587486092,2.6842625211443663,120.50876277066298,40.469667155611674,201.79587470833212,298.0042572428881,71.12304522757898,2.686125752297349,-86.95723687874269,1.0582207323402797
1712792359018870800,79.85887084960937,167.10362439230084,1.6010223903559175,107.61716023296754,40.46964742089128,201.51362423971295,274.2870930408038,69.83679835845427,1.8414069675313018,-86.95723652501559,0.6379730628595585
1712792360014280000,80.85428002929687,166.88994614221156,2.0410924850247043,140.68588255699942,40.46964872755352,201.29994598962367,275.5755109643778,69.9892606518403,1.5414528184094625,-86.95723200638083,0.609046397521848
1712792361012153600,81.85215356445312,166.77238425053656,2.682862706075054,180,40.469648046134374,201.18238409794867,275.8913246195783,70.15353296562631,1.441588052389038,-86.95722811327894,0.48511990391923565
1712792362018241300,82.8582412109375,166.7932676486671,3.260520475958114,180,40.46964634000911,201.2032674960792,275.89131400629554,70.38376663084189,1.3835712362074242,-86.9572439300257,0.8096182810470253
1712792363011735800,83.85173583984376,166.63799933344126,3.5324352988853107,146.67074641719688,40.46964544716603,201.04799918085337,272.44336588957117,70.7576667744192,1.3495242130319494,-86.9572567990689,1.0843357581936683
1712792364013795800,84.8537958984375,166.32818124629557,3.762095445399215,155.1987790994669,40.469642073745824,200.73818109370768,270.8002972840618,71.01154792722387,1.2979722569271201,-86.95726406832921,1.0428052623332995
1712792365013076200,85.853076171875,166.93243542592973,4.326950952646633,180,40.469644166488706,201.34243527334183,269.9540964788247,71.42462708298153,1.26474235974858,-86.95726826503207,0.8541357673903144
1712792366010932000,86.85093188476563,166.39304571971297,4.875176204083106,180,40.469641637920596,200.80304556712508,269.95408472348396,72.21002567054035,1.2613784072170657,-86.95728556473125,0.8407682529145382
1712792367013623300,87.85362329101562,166.83630948420614,5.435967074191079,180,40.46963567475781,201.24630933161825,269.9540595030899,73.12371095465356,1.280381030591287,-86.9573225066081,0.676798782249149
1712792368018786300,88.85878637695312,166.68104615807533,5.500795610953776,180,40.46963457617233,201.09104600548744,269.9540548261361,73.5838180865454,1.2595825017017301,-86.95732935957054,0.5863584233844565
1712792385545555200,106.38555517578125,167.52014541625977,-1,-1,40.469502953256686,201.93014526367188,-1,89.33333333333333,2.474902391433716,-86.9570905865949,-1
1712792386057216300,106.89721630859376,167.52411270141602,-1,-1,40.469400257015124,201.93411254882812,-1,35,2.3058559894561768,-86.95706473430307,-1
1712792386304939000,107.14493896484375,167.52460098266602,-1,-1,40.46939192335445,201.93460083007812,-1,35,2.204587936401367,-86.95706206231941,-1
1712792386315762000,107.15576196289062,167.52466201782227,-1,-1,40.46938838821713,201.93466186523438,-1,35,1.7187516689300537,-86.95706169195489,-1
1712792392880928000,113.72092797851562,167.52473831176758,-1,-1,40.46937575538614,201.9347381591797,-1,51.93467427685081,2.4488844871520996,-86.95698715698398,-1
1712792393460685000,114.30068505859376,167.52473831176758,-1,-1,40.46939503853776,201.9347381591797,-1,37,2.3089206218719482,-86.95709803615782,-1
1712792398030899000,118.87089892578125,167.52473831176758,-1,-1,40.469394652994886,201.9347381591797,-1,40,2.4438958168029785,-86.95712560822629,-1
1712792399511461000,120.35146118164063,167.52473831176758,-1,-1,40.46940368155442,201.9347381591797,-1,40.90150169220684,2.3953075408935547,-86.95710618387037,-1
1712792400155338000,120.995337890625,167.52473831176758,-1,-1,40.469422536496495,201.9347381591797,-1,40,2.370149850845337,-86.957163492861,-1
1712792409988445000,130.82844482421876,167.52473831176758,-1,-1,40.46942150149476,201.9347381591797,-1,71.74797056029881,2.5244076251983643,-86.95705019353966,-1
1712792410746798000,131.58679809570313,167.52473831176758,-1,-1,40.46942730542509,201.9347381591797,-1,71.88688795131286,2.400395393371582,-86.95699378172147,-1
1712792410840340200,131.68034033203125,167.52473831176758,-1,-1,40.46945658500155,201.9347381591797,-1,35,2.091560125350952,-86.95718462493602,-1
1712792412349801000,133.18980102539064,167.52473831176758,-1,-1,40.46946044400537,201.9347381591797,-1,35,2.3978447914123535,-86.95720223572486,-1
1712792419481474800,140.32147485351564,167.52473831176758,-1,-1,40.46948792590231,201.9347381591797,-1,40,2.4919724464416504,-86.9572556994094,-1
1712792420352898000,141.19289794921875,167.52473831176758,-1,-1,40.46950399833452,201.9347381591797,-1,38,2.391033411026001,-86.9572777622446,-1
1712792425640881200,146.48088110351563,167.52473831176758,-1,-1,40.4695137982342,201.9347381591797,-1,47.880727226121905,2.5224242210388184,-86.95725480416809,-1
1712792426371406000,147.21140600585937,167.52473831176758,-1,-1,40.46949783163255,201.9347381591797,-1,38,2.4036431312561035,-86.95720504321775,-1
1712792432429174000,153.26917407226563,167.52473831176758,-1,-1,40.46950716243693,201.9347381591797,-1,52.252843142982,2.48868727684021,-86.95717979757141,-1
1712792433116132000,153.95613208007813,167.52473831176758,-1,-1,40.46948921933685,201.9347381591797,-1,37,2.3645973205566406,-86.95715592362743,-1
1712792439189550800,160.02955078125,167.52473831176758,-1,-1,40.46949832144932,201.9347381591797,-1,52.66065845609871,2.452171802520752,-86.9571337006385,-1
1712792439881934000,160.72193408203125,167.52473831176758,-1,-1,40.46949458140968,201.9347381591797,-1,38,2.3336007595062256,-86.95716159322868,-1
1712792445937844000,166.77784399414062,167.52473831176758,-1,-1,40.469501950041895,201.9347381591797,-1,53.926371461422896,2.515697717666626,-86.95713725564762,-1
1712792446609235000,167.44923486328125,167.52473831176758,-1,-1,40.46950230994223,201.9347381591797,-1,38,2.3853793144226074,-86.95716640891672,-1
1712792452666872000,173.5068720703125,167.52473831176758,-1,-1,40.46950717512168,201.9347381591797,-1,54.33057326030866,2.476999044418335,-86.95713981386777,-1
1712792453344722000,174.18472192382814,167.52473831176758,-1,-1,40.469500850749526,201.9347381591797,-1,39,2.3528802394866943,-86.95716816092342,-1
1712792459424618000,180.26461791992188,167.52473831176758,-1,-1,40.46950459650929,201.9347381591797,-1,55.376662514823344,2.4397366046905518,-86.9571395089647,-1
1712792460121268000,180.96126806640626,167.52473831176758,-1,-1,40.469485938609886,201.9347381591797,-1,39,2.323380708694458,-86.95713624157982,-1
1712792466186201000,187.026201171875,167.52473831176758,-1,-1,40.46949188237631,201.9347381591797,-1,55.461162944129356,2.5044775009155273,-86.95711309245341,-1
1712792466932129000,187.77212890625,167.52473831176758,-1,-1,40.469480184361025,201.9347381591797,-1,38,2.3877408504486084,-86.95714133818538,-1
1712792472995172000,193.83517211914062,167.52473831176758,-1,-1,40.469487889230855,201.9347381591797,-1,54.85556234162577,2.473165512084961,-86.95711928815605,-1
1712792473848875000,194.688875,167.52473831176758,-1,-1,40.469487903776034,201.9347381591797,-1,38,2.3742098808288574,-86.95714569372025,-1
1712792479985239000,200.82523901367188,167.52473831176758,-1,-1,40.469540125398474,201.9347381591797,-1,35,2.4427695274353027,-86.95716098604186,-1
1712792486111126000,206.9511259765625,167.52473831176758,-1,-1,40.469554625303054,201.9347381591797,-1,49.24923358332114,2.4797072410583496,-86.95715076432613,-1
1712792486839682000,207.67968212890625,167.52473831176758,-1,-1,40.46950715110844,201.9347381591797,-1,35,2.363192319869995,-86.95710061113249,-1
1712792492915239000,213.75523901367188,167.52473831176758,-1,-1,40.46951828850459,201.9347381591797,-1,50.559340345982946,2.444742441177368,-86.95709635134838,-1
1712792493642455000,214.482455078125,167.52473831176758,-1,-1,40.46949073736857,201.9347381591797,-1,39,2.332430601119995,-86.95708284238587,-1
1712792499722467800,220.5624677734375,167.52473831176758,-1,-1,40.46948892715571,201.9347381591797,-1,35,2.5106375217437744,-86.95709214742011,-1
1712792505828871000,226.66887084960936,167.52473831176758,-1,-1,40.46949438207979,201.9347381591797,-1,48.6154891971419,2.4477171897888184,-86.95709666904604,-1
1712792507123165200,227.96316528320312,167.52473831176758,-1,-1,40.46949670041841,201.9347381591797,-1,40,2.3860719203948975,-86.95713031154732,-1
1712792513210228000,234.05022802734376,167.52473831176758,-1,-1,40.46950106052318,201.9347381591797,-1,55.800381791805684,2.5349721908569336,-86.95712929399949,-1
1712792513975883000,234.81588305664062,167.52473831176758,-1,-1,40.46949104261205,201.9347381591797,-1,40,2.35654354095459,-86.95711324381627,-1
1712792520064365800,240.90436572265625,167.52473831176758,-1,-1,40.4694973992174,201.9347381591797,-1,96.33333333333333,2.5022037029266357,-86.95710904972253,-1
1712792520832551000,241.67255102539062,167.52473831176758,-1,-1,40.469507607869296,201.9347381591797,-1,38,2.3889195919036865,-86.95718415637165,-1
1712792525720161800,246.56016186523436,167.52473831176758,-1,-1,40.469507279076616,201.9347381591797,-1,96.33333333333333,2.518439531326294,-86.95714747051304,-1
1712792526538705000,247.3787048339844,167.52473831176758,-1,-1,40.46949953735074,201.9347381591797,-1,39,2.4143824577331543,-86.95721288581403,-1
1712792532663720200,253.50372021484375,167.52473831176758,-1,-1,40.469500320305826,201.9347381591797,-1,96.33333333333333,2.493500232696533,-86.95713579401539,-1
1712792533406407000,254.2464069824219,167.52473831176758,-1,-1,40.46953888380733,201.9347381591797,-1,40,2.3774542808532715,-86.95721492084031,-1
1712792539467801000,260.30780102539063,167.52473831176758,-1,-1,40.46951784351704,201.9347381591797,-1,96.33333333333333,2.4580070972442627,-86.95712631516707,-1
1712792540201178000,261.04117822265624,167.52473831176758,-1,-1,40.46953137081126,201.9347381591797,-1,39,2.3450629711151123,-86.95729264797167,-1
1712792546285590300,267.12559033203127,167.52473831176758,-1,-1,40.469506271345416,201.9347381591797,-1,96.33333333333333,2.522843599319458,-86.95715593667403,-1
1712792546971091000,267.81109106445314,167.52473831176758,-1,-1,40.46949367758223,201.9347381591797,-1,38,2.3940045833587646,-86.95716172991855,-1
1712792553047785000,273.8877849121094,167.52473831176758,-1,-1,40.46948942163561,201.9347381591797,-1,96.33333333333333,2.485711097717285,-86.95708184087425,-1
1712792553699584000,274.539583984375,167.52473831176758,-1,-1,40.46949839231399,201.9347381591797,-1,38,2.3558013439178467,-86.95716647545201,-1
1712792559779814000,280.61981396484373,167.52473831176758,-1,-1,40.4694994428591,201.9347381591797,-1,96.33333333333333,2.447272539138794,-86.95710710320706,-1
1712792560462533000,281.302533203125,167.52473831176758,-1,-1,40.46949629947446,201.9347381591797,-1,38,2.327735662460327,-86.95710544944055,-1
1712792566520357000,287.3603571777344,167.52473831176758,-1,-1,40.46954129639521,201.9347381591797,-1,35,2.511369466781616,-86.95724707859765,-1
1712792572617607200,293.45760717773436,167.52473831176758,-1,-1,40.46954067395163,201.9347381591797,-1,96.33333333333333,2.449355363845825,-86.95723827313272,-1
1712792573387597000,294.2275971679687,167.52473831176758,-1,-1,40.46949939743909,201.9347381591797,-1,39,2.342434883117676,-86.95714775251128,-1
1712792579472751000,300.31275122070315,167.52473831176758,-1,-1,40.46949748051856,201.9347381591797,-1,96.33333333333333,2.5154430866241455,-86.95711256592296,-1
1712792580226971100,301.06697119140625,167.52473831176758,-1,-1,40.46949260702819,201.9347381591797,-1,38,2.398552179336548,-86.95712355115208,-1
1712792586314210800,307.1542109375,167.52473831176758,-1,-1,40.46949727030968,201.9347381591797,-1,96.33333333333333,2.482257604598999,-86.9571023322407,-1
1712792587077528800,307.9175288085938,167.52473831176758,-1,-1,40.469493613884204,201.9347381591797,-1,38,2.370631217956543,-86.95709189187102,-1
1712792593167060000,314.00706005859377,167.52473831176758,-1,-1,40.46949993500881,201.9347381591797,-1,96.33333333333333,2.4486851692199707,-86.95709405277906,-1
1712792593876664000,314.7166640625,167.52473831176758,-1,-1,40.469487335232316,201.9347381591797,-1,38,2.3332064151763916,-86.95713655558409,-1
1712792599932654800,320.77265478515625,167.52473831176758,-1,-1,40.469497617304405,201.9347381591797,-1,96.33333333333333,2.5114307403564453,-86.95712161769579,-1
1712792600632350000,321.47234985351565,167.52473831176758,-1,-1,40.46949287847063,201.9347381591797,-1,38,2.3865549564361572,-86.95713396640144,-1
1712792606696924000,327.536923828125,167.52473831176758,-1,-1,40.46950150897625,201.9347381591797,-1,96.33333333333333,2.4750540256500244,-86.95711296621482,-1
1712792607390390800,328.23039086914065,167.52473831176758,-1,-1,40.469512658942946,201.9347381591797,-1,38,2.353778839111328,-86.95718080280781,-1
1712792613449689900,334.28968994140627,167.52473831176758,-1,-1,40.46950920347187,201.9347381591797,-1,96.33333333333333,2.5375263690948486,-86.9571315724479,-1
1712792614136453000,334.976453125,167.52473831176758,-1,-1,40.469492922667484,201.9347381591797,-1,38,2.3445751667022705,-86.95712001612505,-1
1712792620197796900,341.037796875,167.52473831176758,-1,-1,40.469496175558,201.9347381591797,-1,96.33333333333333,2.501020669937134,-86.9570947617202,-1
1712792620898724000,341.73872412109375,167.52473831176758,-1,-1,40.469478122743695,201.9347381591797,-1,38,2.377671718597412,-86.9570692901533,-1
1712792626963685000,347.80368505859377,167.52473831176758,-1,-1,40.469492966644026,201.9347381591797,-1,35,2.465806007385254,-86.95710353347863,-1
1712792633494422000,354.33442211914064,167.52473831176758,-1,-1,40.46950432981611,201.9347381591797,-1,96.33333333333333,2.521206855773926,-86.95712143703737,-1
1712792634245480000,355.08547998046873,167.52473831176758,-1,-1,40.469478181452295,201.9347381591797,-1,38,2.401930570602417,-86.95709915766739,-1
1712792640334609200,361.1746091308594,167.52473831176758,-1,-1,40.469494638845184,201.9347381591797,-1,96.33333333333333,2.48624587059021,-86.95710841766986,-1
1712792641075978000,361.9159780273437,167.52473831176758,-1,-1,40.46949028431545,201.9347381591797,-1,38,2.370974063873291,-86.95707589418853,-1
1712792647162653000,368.00265283203123,167.52473831176758,-1,-1,40.46950263496303,201.9347381591797,-1,96.33333333333333,2.4520797729492188,-86.9570969534262,-1
1712792647926744000,368.766744140625,167.52473831176758,-1,-1,40.469481116395734,201.9347381591797,-1,38,2.3441152572631836,-86.95708255668622,-1
1712792654013788000,374.8537878417969,167.52473831176758,-1,-1,40.46949675497344,201.9347381591797,-1,96.33333333333333,2.517920970916748,-86.95710451034424,-1
1712792654730385000,375.57038500976563,167.52473831176758,-1,-1,40.46948658920951,201.9347381591797,-1,38,2.3948960304260254,-86.9570388506516,-1
1712792655274773200,376.1147731933594,167.52473831176758,-1,-1,40.46948618570076,201.9347381591797,-1,38,2.314770221710205,-86.95703379098637,-1
1712792660789842200,381.62984228515626,167.52473831176758,-1,-1,40.469499485115676,201.9347381591797,-1,96.33333333333333,2.480463981628418,-86.95707929717031,-1
1712792661515310000,382.3553100585938,167.52473831176758,-1,-1,40.469471901144445,201.9347381591797,-1,38,2.3652305603027344,-86.9570959766162,-1
1712792661880595000,382.72059497070313,167.52473831176758,-1,-1,40.4694699173603,201.9347381591797,-1,38,2.290283203125,-86.95709827232263,-1
1712792667583982800,388.42398291015627,167.52473831176758,-1,-1,40.4694919041045,201.9347381591797,-1,96.33333333333333,2.5451035499572754,-86.9571211172454,-1
1712792668308702000,389.1487019042969,167.52473831176758,-1,-1,40.46947676510738,201.9347381591797,-1,39,2.3595142364501953,-86.95707601405437,-1
1712792668642386000,389.4823859863281,167.52473831176758,-1,-1,40.46947550667865,201.9347381591797,-1,39,2.248234748840332,-86.95707206633101,-1
1712792674377437200,395.21743725585935,167.52473831176758,-1,-1,40.469497857481116,201.9347381591797,-1,96.33333333333333,2.511518955230713,-86.95709850811973,-1
1712792675601418000,396.44141796875,167.52473831176758,-1,-1,40.46948396656667,201.9347381591797,-1,38,2.442232370376587,-86.95709210531986,-1
1712792681673774800,402.51377490234376,167.52473831176758,-1,-1,40.469507924358,201.9347381591797,-1,35,2.496542453765869,-86.95716247550003,-1
1712792682545668000,403.3856682128906,167.52473831176758,-1,-1,40.469509411838665,201.9347381591797,-1,35,2.3971426486968994,-86.95716778601404,-1
1712792687760630000,408.60063012695315,167.52473831176758,-1,-1,40.46951531114072,201.9347381591797,-1,89.10131194605145,2.529878616333008,-86.95716859967479,-1
1712792688519170000,409.35917016601564,167.52473831176758,-1,-1,40.46947506697141,201.9347381591797,-1,39,2.4147725105285645,-86.95709375725552,-1
1712792694603295000,415.443294921875,167.52473831176758,-1,-1,40.46949133833103,201.9347381591797,-1,96.33333333333333,2.5002365112304688,-86.95709832841848,-1
1712792695343767000,416.18376708984374,167.52473831176758,-1,-1,40.46946309831869,201.9347381591797,-1,39,2.3831307888031006,-86.95705474771675,-1
1712792701422718000,422.26271801757815,167.52473831176758,-1,-1,40.46948994023101,201.9347381591797,-1,96.33333333333333,2.46561336517334,-86.95708472853133,-1
1712792702147680000,422.9876799316406,167.52473831176758,-1,-1,40.46946321975768,201.9347381591797,-1,38,2.35042667388916,-86.95703406375965,-1
1712792708228142000,429.0681420898438,167.52473831176758,-1,-1,40.469491050070566,201.9347381591797,-1,79.61330649523734,2.5313148498535156,-86.95707604391346,-1
1712792708993108000,429.83310791015623,167.52473831176758,-1,-1,40.46948572943381,201.9347381591797,-1,39,2.4140946865081787,-86.95706319723828,-1
1712792715067853000,435.9078530273438,167.52473831176758,-1,-1,40.46950636757571,201.9347381591797,-1,68.28300923949317,2.4969847202301025,-86.95709964116571,-1
1712792715803503900,436.64350390625,167.52473831176758,-1,-1,40.469489749081795,201.9347381591797,-1,39,2.379582405090332,-86.95701170677656,-1
1712792721872798000,442.7127978515625,167.52473831176758,-1,-1,40.46950592433212,201.9347381591797,-1,62.7155332665613,2.461979389190674,-86.95705851657628,-1
1712792722589118000,443.42911791992185,167.52473831176758,-1,-1,40.46949994335094,201.9347381591797,-1,39,2.345945358276367,-86.95706041655063,-1
1712792728653379000,449.49337915039064,167.52473831176758,-1,-1,40.46951098297841,201.9347381591797,-1,59.738428099961894,2.5260536670684814,-86.95709885475426,-1
1712792729354277000,450.1942770996094,167.52473831176758,-1,-1,40.469490881258245,201.9347381591797,-1,39,2.3994672298431396,-86.95702527389894,-1
1712792735420936200,456.26093627929686,167.52473831176758,-1,-1,40.46950107099651,201.9347381591797,-1,58.09122633606642,2.489866018295288,-86.95706845346653,-1
1712792737421818000,458.26181811523435,167.52473831176758,-1,-1,40.46948453149051,201.9347381591797,-1,38,2.452846050262451,-86.95708011905197,-1
1712792743488101000,464.32810107421875,167.52473831176758,-1,-1,40.46949325698865,201.9347381591797,-1,56.274158893698925,2.505673408508301,-86.95711151590727,-1
1712792744248851000,465.0888508300781,167.52473831176758,-1,-1,40.46948683689461,201.9347381591797,-1,38,2.390944480895996,-86.95707955474077,-1
1712792750363829200,471.2038293457031,167.52473831176758,-1,-1,40.469495287905104,201.9347381591797,-1,55.99840464590419,2.4735565185546875,-86.95710661065957,-1
1712792751163457000,472.00345703125,167.52473831176758,-1,-1,40.46947942754243,201.9347381591797,-1,38,2.3677611351013184,-86.95711540469377,-1
1712792757259882000,478.09988208007815,167.52473831176758,-1,-1,40.469489195310665,201.9347381591797,-1,55.58671775777433,2.541858196258545,-86.95713177786809,-1
1712792758052343800,478.89234375,167.52473831176758,-1,-1,40.469496321155354,201.9347381591797,-1,38,2.36712384223938,-86.9570810391663,-1
1712792764147264000,484.98726391601565,167.52473831176758,-1,-1,40.469503274434956,201.9347381591797,-1,55.39505999150648,2.5105092525482178,-86.9570985234865,-1
1712792764935860200,485.77586010742186,167.52473831176758,-1,-1,40.469498796319776,201.9347381591797,-1,38,2.3990683555603027,-86.9570521355664,-1
1712792771032753000,491.8727529296875,167.52473831176758,-1,-1,40.469504083728964,201.9347381591797,-1,55.295156698970196,2.477492570877075,-86.95707448813005,-1
1712792771734911000,492.57491088867187,167.52473831176758,-1,-1,40.46948946972441,201.9347381591797,-1,38,2.357225179672241,-86.95711038596568,-1
1712792777800010000,498.6400100097656,167.52473831176758,-1,-1,40.469495609184285,201.9347381591797,-1,55.06927326364352,2.5408780574798584,-86.95712292930764,-1
1712792778506630000,499.3466298828125,167.52473831176758,-1,-1,40.46953194801907,201.9347381591797,-1,40,2.413325309753418,-86.95724886464508,-1
1712792784572965000,505.4129650878906,167.52473831176758,-1,-1,40.4695292078735,201.9347381591797,-1,56.44106059559125,2.505227565765381,-86.9572279058696,-1
1712792785267950000,506.1079501953125,167.52473831176758,-1,-1,40.46951501441853,201.9347381591797,-1,38,2.3803212642669678,-86.95721079588529,-1
1712792791332555000,512.1725549316407,167.52473831176758,-1,-1,40.46951232401032,201.9347381591797,-1,55.03242880847901,2.4685380458831787,-86.95718383403101,-1
1712792792017685000,512.8576850585938,167.52473831176758,-1,-1,40.46950477613749,201.9347381591797,-1,39,2.346719741821289,-86.95710063893614,-1
1712792798080443000,518.9204428710938,167.52473831176758,-1,-1,40.46950290383819,201.9347381591797,-1,55.69627122892613,2.5313689708709717,-86.95708837464882,-1
1712792799286888200,520.1268881835938,167.52473831176758,-1,-1,40.469511305510885,201.9347381591797,-1,38,2.409806728363037,-86.95718527202817,-1
1712792805346383000,526.1863830566406,167.52473831176758,-1,-1,40.469508392254454,201.9347381591797,-1,55.00954127149646,2.515793800354004,-86.9571629248898,-1
1712792806103630000,526.9436301269532,167.52473831176758,-1,-1,40.46951122309411,201.9347381591797,-1,38,2.3993656635284424,-86.95712558788986,-1
1712792812193174800,533.0331748046875,167.52473831176758,-1,-1,40.469506552134106,201.9347381591797,-1,75.86922135438019,2.482789993286133,-86.95710940701372,-1
1712792812959696100,533.7996960449219,167.52473831176758,-1,-1,40.46950109235593,201.9347381591797,-1,39,2.3715476989746094,-86.95712509207989,-1
1712792819047286000,539.8872861328125,167.52473831176758,-1,-1,40.4694991894537,201.9347381591797,-1,96.33333333333333,2.5491998195648193,-86.95711005509234,-1
1712792819813334000,540.653333984375,167.52473831176758,-1,-1,40.46953042742824,201.9347381591797,-1,38,2.3698439598083496,-86.95722954462384,-1
1712792825914087200,546.7540871582031,167.52473831176758,-1,-1,40.46951350255649,201.9347381591797,-1,96.33333333333333,2.517507791519165,-86.95715505208123,-1
1712792826678047000,547.518046875,167.52473831176758,-1,-1,40.46952263173093,201.9347381591797,-1,38,2.4017443656921387,-86.95722487623766,-1
1712792832766911000,553.6069108886719,167.52473831176758,-1,-1,40.46950449024363,201.9347381591797,-1,96.33333333333333,2.4835433959960938,-86.95713293541594,-1
1712792833465849900,554.3058498535156,167.52473831176758,-1,-1,40.46949169407876,201.9347381591797,-1,38,2.362011432647705,-86.9570887236778,-1
1712792839527707100,560.36770703125,167.52473831176758,-1,-1,40.469485731970536,201.9347381591797,-1,78.8173385024825,2.5464465618133545,-86.95704767180203,-1
1712792840231875800,561.0718757324219,167.52473831176758,-1,-1,40.46952791253676,201.9347381591797,-1,39,2.417769193649292,-86.95719542929582,-1
1712792846296607000,567.1366069335937,167.52473831176758,-1,-1,40.46951580759387,201.9347381591797,-1,68.01129684707199,2.5109152793884277,-86.95714214201001,-1
1712792847003213000,567.8432131347656,167.52473831176758,-1,-1,40.46949241236924,201.9347381591797,-1,38,2.3872058391571045,-86.95709045060877,-1
1712792853065569000,573.9055690917969,167.52473831176758,-1,-1,40.46948785437706,201.9347381591797,-1,61.96967104511603,2.4745750427246094,-86.95706304121066,-1
1712792853763639800,574.6036398925781,167.52473831176758,-1,-1,40.4694793161334,201.9347381591797,-1,39,2.354111433029175,-86.9570724873839,-1
1712792859830435000,580.6704350585937,167.52473831176758,-1,-1,40.469480870971026,201.9347381591797,-1,59.69328235057174,2.5379087924957275,-86.95706069351556,-1
1712792860533028000,581.3730280761719,167.52473831176758,-1,-1,40.469474119933686,201.9347381591797,-1,38,2.410057783126831,-86.95704595137427,-1
1712792866595155000,587.4351550292969,167.52473831176758,-1,-1,40.46947992088204,201.9347381591797,-1,57.36363639204166,2.50203800201416,-86.9570488994778,-1
1712792867302284000,588.1422839355469,167.52473831176758,-1,-1,40.46946846102864,201.9347381591797,-1,38,2.379559278488159,-86.95705311493323,-1
1712792873367558000,594.2075578613282,167.52473831176758,-1,-1,40.46947815546221,201.9347381591797,-1,56.40598100920868,2.4660682678222656,-86.95706343324892,-1
1712792874071326000,594.9113259277344,167.52473831176758,-1,-1,40.46945594511489,201.9347381591797,-1,38,2.3475780487060547,-86.95705147644343,-1
1712792880136051200,600.9760512695312,167.52473831176758,-1,-1,40.4694706406655,201.9347381591797,-1,55.82818090923018,2.529733180999756,-86.95706763654258,-1
1712792880839385000,601.6793850097656,167.52473831176758,-1,-1,40.46945020733937,201.9347381591797,-1,35,2.4030745029449463,-86.95709859519015,-1
1712792886903914000,607.7439140625,167.52473831176758,-1,-1,40.469468345404216,201.9347381591797,-1,53.46836534549781,2.4938199520111084,-86.95710908901127,-1
1712792887592362000,608.4323620605469,167.52473831176758,-1,-1,40.46940838121626,201.9347381591797,-1,35,2.3693063259124756,-86.95712499729171,-1
1712792893650939000,614.4909389648437,167.52473831176758,-1,-1,40.469437020954935,201.9347381591797,-1,53.18994439928094,2.555874824523926,-86.95712895252117,-1
1712792894341011000,615.1810109863281,167.52473831176758,-1,-1,40.46939799688789,201.9347381591797,-1,35,2.3617119789123535,-86.95710284097555,-1
1712792900405776100,621.2457761230469,167.52473831176758,-1,-1,40.46943451666391,201.9347381591797,-1,53.06976697932208,2.5201735496520996,-86.95710726142993,-1
1712792901097826000,621.9378259277344,167.52473831176758,-1,-1,40.46940196332913,201.9347381591797,-1,35,2.392841100692749,-86.9571341233994,-1
1712792904087690800,624.9276906738281,167.52473831176758,-1,-1,40.469399437547686,201.9347381591797,-1,35,2.4460525512695312,-86.95713955679668,-1
1712792910941861000,631.7818610839844,167.52473831176758,-1,-1,40.46939457969776,201.9347381591797,-1,35,2.533207893371582,-86.957070578615,-1
1712792911856224000,632.6962241210938,167.52473831176758,-1,-1,40.46939246917058,201.9347381591797,-1,35,2.432663917541504,-86.9570619495902,-1
1712792916014329300,636.8543293457031,167.69542189873755,2.632278081283614,180,40.46938232758575,202.10542174614966,241.4630140708516,15.78889558022268,7.084784993233955,-86.95707248819953,0.3141385658008487
1712792917015116800,637.8551166992188,167.19422181881964,3.3613027837658866,180,40.46938123509704,201.60422166623175,241.46301133137956,17.1595730983851,2.327441935192452,-86.95707669276038,0.3689296348324852
1712792918014607600,638.8546076660157,167.09199072048068,3.3383484565707047,180,40.46937524082751,201.5019905678928,241.46300684327315,19.32564739397473,1.7723730445171268,-86.95708368557068,0.23192655299393458
1712792919016906200,639.85690625,167.21959832124412,3.915496713893087,180,40.46936550188969,201.62959816865623,241.4630034951449,22.16953768958841,1.5426280663818541,-86.95708903304183,0.3768816200699291
1712792920016706800,640.8567067871094,167.1990965642035,4.189430944338433,180,40.46935958786807,201.6090964116156,241.46299893473622,25.672754492512787,1.4219418627910296,-86.957096134116,0.33709714107650357
1712792921017772800,641.8577727050781,167.25542833283544,4.179161784766253,180,40.4693702656667,201.66542818024755,241.46299925848035,26.08376189432811,1.4295042772946416,-86.95709537521049,0.2907715443023525
1712792924017080600,644.8570805664062,167.06297498568892,5.952696229982861,180,40.46937884805461,201.47297483310103,241.46298927149962,33.421426540313654,1.4976803414122108,-86.95711039119116,0.726114454601128
1712792925016790300,645.8567902832032,167.11365857440978,5.543627012315851,180,40.46938192905511,201.5236584218219,241.46299053123033,38.38483220884062,1.368530114752641,-86.95710839369681,0.5932004128048309
1712792926017892600,646.857892578125,167.24572788644582,5.306993354655203,180,40.46938493914216,201.65572773385793,241.46299834180593,44.050331045925255,1.3106301143498964,-86.95709640857373,0.47148503833391
1712792927015930000,647.8559301757813,167.28547721076757,6.020429755119515,180,40.46938374820477,201.69547705817968,241.46298644782826,50.062026608472124,1.2734003783469257,-86.95711457529468,0.6479095618843805
1712792928016518700,648.8565185546875,167.0837746085599,6.685559209493748,180,40.469385061679226,201.49377445597202,241.4629768406606,56.54085797818074,1.2481285863918024,-86.95712919264733,0.7594665113480363
1712792929017817900,649.8578178710937,166.98202417232096,7.052289382425156,180,40.469387734244016,201.39202401973307,241.46297287705133,63.37934017547252,1.2301258572096507,-86.95713517037291,0.7989582106640238
1712792929999798300,650.8397983398437,167.07713517639786,5.268625238737662,180,40.46935234005815,201.48713502380997,241.46292796349877,59.04943214489999,1.2177746719723592,-86.9572045382824,1.26079191870636
1712792930999797200,651.8397973632813,166.93737400136888,1.7374377675600765,137.70055937947512,40.46933073484354,201.347373848781,244.1467898921921,26.219632783129978,1.1977974087209997,-86.95737197841981,1.1217585968400954
1712792931999797200,652.8397973632813,167.3708207476884,2.3724558514843572,168.92126974538556,40.46966267001827,201.78082059510052,306.14189639185435,12.725974486088013,1.1718990355849959,-86.95716944950549,0.7442217621741927
1712792932999800600,653.8398005371093,167.1708894278854,2.022699717662642,156.90524123589807,40.46961396235658,201.58088927529752,263.81191364504855,9.915791232905498,1.1626881549413914,-86.95724636136543,0.6044645958848485
1712792933999797200,654.8397973632813,167.3199594290927,1.8066034792416685,180,40.4696234962744,201.72995927650481,265.921423340451,9.53762359633579,1.1708564548419433,-86.9571945641003,0.04938546704125701
1712792934999796000,655.8397958984375,167.45761480089277,2.279629558765391,180,40.46962404119463,201.86761464830488,265.9214095729398,8.436870879531423,1.182275724657292,-86.95721544150449,0.22044016519742698
1712792935999749000,656.8397490234375,166.79497468005866,2.47816515985822,180,40.469607949332314,201.20497452747077,265.9214371603865,7.147385744212822,1.1786127006043117,-86.95717656682976,0.5083380990829544
1712792936999759000,657.8397590332031,166.98328497447073,2.083876356134617,180,40.46957634401726,201.39328482188284,265.9214454253065,6.633210441880425,1.1730089719510566,-86.95717020517442,0.2836260503391063
1712792937999770600,658.8397705078125,167.18418202828616,1.9766438166874947,180,40.469551163295606,201.59418187569827,265.92145583315414,5.871207529774709,1.21077394136549,-86.95715930954736,0.3458720138761858
1712792938999780900,659.8397807617188,167.19940096419305,2.0096343242797143,180,40.4695533756882,201.60940081160516,265.9214625609683,5.470501930154357,1.9743722204706706,-86.95714861823512,0.37781359595984787
1712792939999796000,660.8397958984375,166.8216060223058,1.6848417303820948,180,40.46953509934273,201.2316058697179,265.92147369182214,5.27243010674568,2.4547948595087488,-86.95713525826116,0.15768534845315169
1712792940999811000,661.8398110351562,167.23628294002265,1.3677396443356415,86.59948506763877,40.46943617260434,201.64628278743476,183.8468381473985,5.038144508893359,2.9054495246513117,-86.95713167957885,0.7136488049659054
1712792941999825700,662.8398256835937,167.06384861655533,1.1646447077846616,50.605685966679225,40.46941309874018,201.47384846396744,138.88147703632535,4.927612022323793,3.089203261399103,-86.95709647033077,1.0409979383807542
1712792942999833000,663.8398330078124,166.45106256846339,1.2317080491118764,41.97034897353811,40.46939160988833,200.8610624158755,136.91977770324922,4.885010632001383,3.1561381715670005,-86.9570808507296,1.2408947081153454
1712792943999842600,664.8398425292969,166.6855729194358,1.237715261221175,45.10436985278936,40.46939864838728,201.0955727668479,112.79018451177924,4.8549866341668455,3.202130824131038,-86.9570583678088,0.9840098626628248
1712792944999852300,665.8398522949219,166.6674885051325,1.2616234187911195,50.5557322750196,40.46940972225232,201.0774883525446,90.20100214693856,4.8362298485555,3.2303897419242906,-86.95704308487339,0.7934680080621911
1712792945999861200,666.839861328125,166.39168465696275,1.288249463369234,39.8683720489302,40.469408746528636,200.80168450437486,96.22763418505423,4.820898623734326,3.2532250909620917,-86.95702467170989,1.0235000084655335
